image,label
images/18353.jpg,magnolia_virginiana
images/18354.jpg,prunus_sargentii
images/18355.jpg,albizia_julibrissin
images/18356.jpg,pinus_flexilis
images/18357.jpg,oxydendrum_arboreum
images/18358.jpg,albizia_julibrissin
images/18359.jpg,magnolia_virginiana
images/18360.jpg,albizia_julibrissin
images/18361.jpg,crataegus_viridis
images/18362.jpg,maclura_pomifera
images/18363.jpg,quercus_cerris
images/18364.jpg,magnolia_virginiana
images/18365.jpg,magnolia_virginiana
images/18366.jpg,magnolia_virginiana
images/18367.jpg,salix_babylonica
images/18368.jpg,metasequoia_glyptostroboides
images/18369.jpg,cryptomeria_japonica
images/18370.jpg,magnolia_virginiana
images/18371.jpg,juniperus_virginiana
images/18372.jpg,pinus_flexilis
images/18373.jpg,robinia_pseudo-acacia
images/18374.jpg,magnolia_virginiana
images/18375.jpg,ailanthus_altissima
images/18376.jpg,ptelea_trifoliata
images/18377.jpg,broussonettia_papyrifera
images/18378.jpg,magnolia_virginiana
images/18379.jpg,maclura_pomifera
images/18380.jpg,pinus_flexilis
images/18381.jpg,quercus_montana
images/18382.jpg,diospyros_virginiana
images/18383.jpg,albizia_julibrissin
images/18384.jpg,oxydendrum_arboreum
images/18385.jpg,robinia_pseudo-acacia
images/18386.jpg,acer_palmatum
images/18387.jpg,prunus_virginiana
images/18388.jpg,magnolia_virginiana
images/18389.jpg,acer_palmatum
images/18390.jpg,acer_palmatum
images/18391.jpg,picea_pungens
images/18392.jpg,picea_pungens
images/18393.jpg,salix_babylonica
images/18394.jpg,magnolia_virginiana
images/18395.jpg,ulmus_rubra
images/18396.jpg,pinus_flexilis
images/18397.jpg,taxodium_distichum
images/18398.jpg,ulmus_rubra
images/18399.jpg,quercus_cerris
images/18400.jpg,maclura_pomifera
images/18401.jpg,pinus_flexilis
images/18402.jpg,magnolia_virginiana
images/18403.jpg,maclura_pomifera
images/18404.jpg,cryptomeria_japonica
images/18405.jpg,quercus_cerris
images/18406.jpg,salix_matsudana
images/18407.jpg,quercus_cerris
images/18408.jpg,acer_palmatum
images/18409.jpg,acer_negundo
images/18410.jpg,maclura_pomifera
images/18411.jpg,magnolia_virginiana
images/18412.jpg,magnolia_virginiana
images/18413.jpg,magnolia_virginiana
images/18414.jpg,magnolia_virginiana
images/18415.jpg,quercus_palustris
images/18416.jpg,prunus_sargentii
images/18417.jpg,acer_palmatum
images/18418.jpg,prunus_sargentii
images/18419.jpg,salix_babylonica
images/18420.jpg,quercus_cerris
images/18421.jpg,magnolia_virginiana
images/18422.jpg,stewartia_pseudocamellia
images/18423.jpg,magnolia_virginiana
images/18424.jpg,picea_pungens
images/18425.jpg,quercus_montana
images/18426.jpg,carpinus_caroliniana
images/18427.jpg,magnolia_tripetala
images/18428.jpg,albizia_julibrissin
images/18429.jpg,acer_palmatum
images/18430.jpg,maclura_pomifera
images/18431.jpg,ulmus_rubra
images/18432.jpg,pseudolarix_amabilis
images/18433.jpg,pinus_cembra
images/18434.jpg,pinus_flexilis
images/18435.jpg,crataegus_viridis
images/18436.jpg,carpinus_caroliniana
images/18437.jpg,picea_pungens
images/18438.jpg,magnolia_virginiana
images/18439.jpg,salix_babylonica
images/18440.jpg,populus_deltoides
images/18441.jpg,pinus_flexilis
images/18442.jpg,pinus_flexilis
images/18443.jpg,ficus_carica
images/18444.jpg,magnolia_tripetala
images/18445.jpg,magnolia_virginiana
images/18446.jpg,acer_negundo
images/18447.jpg,magnolia_virginiana
images/18448.jpg,quercus_palustris
images/18449.jpg,picea_pungens
images/18450.jpg,diospyros_virginiana
images/18451.jpg,albizia_julibrissin
images/18452.jpg,quercus_velutina
images/18453.jpg,pinus_flexilis
images/18454.jpg,salix_babylonica
images/18455.jpg,quercus_cerris
images/18456.jpg,magnolia_tripetala
images/18457.jpg,quercus_muehlenbergii
images/18458.jpg,prunus_sargentii
images/18459.jpg,quercus_cerris
images/18460.jpg,carpinus_caroliniana
images/18461.jpg,pinus_virginiana
images/18462.jpg,maclura_pomifera
images/18463.jpg,maclura_pomifera
images/18464.jpg,populus_deltoides
images/18465.jpg,quercus_cerris
images/18466.jpg,salix_babylonica
images/18467.jpg,albizia_julibrissin
images/18468.jpg,crataegus_viridis
images/18469.jpg,quercus_cerris
images/18470.jpg,carpinus_caroliniana
images/18471.jpg,quercus_acutissima
images/18472.jpg,robinia_pseudo-acacia
images/18473.jpg,ulmus_rubra
images/18474.jpg,carpinus_caroliniana
images/18475.jpg,carpinus_caroliniana
images/18476.jpg,magnolia_virginiana
images/18477.jpg,stewartia_pseudocamellia
images/18478.jpg,quercus_cerris
images/18479.jpg,broussonettia_papyrifera
images/18480.jpg,pinus_flexilis
images/18481.jpg,cryptomeria_japonica
images/18482.jpg,salix_babylonica
images/18483.jpg,salix_babylonica
images/18484.jpg,oxydendrum_arboreum
images/18485.jpg,carpinus_caroliniana
images/18486.jpg,fraxinus_nigra
images/18487.jpg,taxodium_distichum
images/18488.jpg,maclura_pomifera
images/18489.jpg,quercus_cerris
images/18490.jpg,prunus_sargentii
images/18491.jpg,salix_matsudana
images/18492.jpg,maclura_pomifera
images/18493.jpg,picea_pungens
images/18494.jpg,pinus_flexilis
images/18495.jpg,quercus_cerris
images/18496.jpg,magnolia_tripetala
images/18497.jpg,magnolia_virginiana
images/18498.jpg,quercus_muehlenbergii
images/18499.jpg,magnolia_virginiana
images/18500.jpg,maclura_pomifera
images/18501.jpg,diospyros_virginiana
images/18502.jpg,acer_negundo
images/18503.jpg,quercus_muehlenbergii
images/18504.jpg,quercus_montana
images/18505.jpg,staphylea_trifolia
images/18506.jpg,albizia_julibrissin
images/18507.jpg,albizia_julibrissin
images/18508.jpg,picea_pungens
images/18509.jpg,ulmus_rubra
images/18510.jpg,acer_negundo
images/18511.jpg,quercus_acutissima
images/18512.jpg,albizia_julibrissin
images/18513.jpg,magnolia_virginiana
images/18514.jpg,prunus_sargentii
images/18515.jpg,maclura_pomifera
images/18516.jpg,quercus_palustris
images/18517.jpg,magnolia_virginiana
images/18518.jpg,quercus_palustris
images/18519.jpg,oxydendrum_arboreum
images/18520.jpg,fraxinus_nigra
images/18521.jpg,maclura_pomifera
images/18522.jpg,fraxinus_nigra
images/18523.jpg,carpinus_caroliniana
images/18524.jpg,magnolia_virginiana
images/18525.jpg,albizia_julibrissin
images/18526.jpg,ulmus_rubra
images/18527.jpg,pinus_flexilis
images/18528.jpg,cryptomeria_japonica
images/18529.jpg,oxydendrum_arboreum
images/18530.jpg,taxodium_distichum
images/18531.jpg,maclura_pomifera
images/18532.jpg,albizia_julibrissin
images/18533.jpg,albizia_julibrissin
images/18534.jpg,acer_palmatum
images/18535.jpg,ulmus_rubra
images/18536.jpg,salix_matsudana
images/18537.jpg,pinus_taeda
images/18538.jpg,quercus_velutina
images/18539.jpg,pinus_cembra
images/18540.jpg,pinus_taeda
images/18541.jpg,pinus_flexilis
images/18542.jpg,quercus_cerris
images/18543.jpg,magnolia_virginiana
images/18544.jpg,carpinus_caroliniana
images/18545.jpg,magnolia_virginiana
images/18546.jpg,quercus_acutissima
images/18547.jpg,quercus_cerris
images/18548.jpg,picea_pungens
images/18549.jpg,pinus_flexilis
images/18550.jpg,ulmus_rubra
images/18551.jpg,acer_palmatum
images/18552.jpg,ailanthus_altissima
images/18553.jpg,crataegus_viridis
images/18554.jpg,stewartia_pseudocamellia
images/18555.jpg,populus_deltoides
images/18556.jpg,magnolia_grandiflora
images/18557.jpg,quercus_cerris
images/18558.jpg,pinus_sylvestris
images/18559.jpg,quercus_cerris
images/18560.jpg,stewartia_pseudocamellia
images/18561.jpg,albizia_julibrissin
images/18562.jpg,magnolia_virginiana
images/18563.jpg,ulmus_rubra
images/18564.jpg,maclura_pomifera
images/18565.jpg,juglans_nigra
images/18566.jpg,juglans_nigra
images/18567.jpg,albizia_julibrissin
images/18568.jpg,quercus_palustris
images/18569.jpg,albizia_julibrissin
images/18570.jpg,quercus_palustris
images/18571.jpg,albizia_julibrissin
images/18572.jpg,magnolia_virginiana
images/18573.jpg,magnolia_virginiana
images/18574.jpg,pinus_flexilis
images/18575.jpg,magnolia_virginiana
images/18576.jpg,salix_babylonica
images/18577.jpg,albizia_julibrissin
images/18578.jpg,picea_pungens
images/18579.jpg,diospyros_virginiana
images/18580.jpg,ulmus_americana
images/18581.jpg,carpinus_caroliniana
images/18582.jpg,pinus_taeda
images/18583.jpg,picea_pungens
images/18584.jpg,quercus_cerris
images/18585.jpg,prunus_sargentii
images/18586.jpg,ilex_opaca
images/18587.jpg,acer_negundo
images/18588.jpg,betula_nigra
images/18589.jpg,oxydendrum_arboreum
images/18590.jpg,catalpa_bignonioides
images/18591.jpg,magnolia_virginiana
images/18592.jpg,quercus_cerris
images/18593.jpg,oxydendrum_arboreum
images/18594.jpg,albizia_julibrissin
images/18595.jpg,magnolia_acuminata
images/18596.jpg,crataegus_viridis
images/18597.jpg,prunus_sargentii
images/18598.jpg,magnolia_tripetala
images/18599.jpg,broussonettia_papyrifera
images/18600.jpg,carpinus_caroliniana
images/18601.jpg,oxydendrum_arboreum
images/18602.jpg,quercus_palustris
images/18603.jpg,acer_palmatum
images/18604.jpg,cercis_canadensis
images/18605.jpg,quercus_cerris
images/18606.jpg,acer_palmatum
images/18607.jpg,magnolia_tripetala
images/18608.jpg,albizia_julibrissin
images/18609.jpg,picea_orientalis
images/18610.jpg,quercus_palustris
images/18611.jpg,magnolia_virginiana
images/18612.jpg,fraxinus_nigra
images/18613.jpg,magnolia_virginiana
images/18614.jpg,magnolia_virginiana
images/18615.jpg,salix_matsudana
images/18616.jpg,quercus_cerris
images/18617.jpg,picea_pungens
images/18618.jpg,albizia_julibrissin
images/18619.jpg,prunus_sargentii
images/18620.jpg,ptelea_trifoliata
images/18621.jpg,prunus_sargentii
images/18622.jpg,carpinus_caroliniana
images/18623.jpg,maclura_pomifera
images/18624.jpg,albizia_julibrissin
images/18625.jpg,ulmus_rubra
images/18626.jpg,picea_pungens
images/18627.jpg,maclura_pomifera
images/18628.jpg,magnolia_virginiana
images/18629.jpg,acer_saccharum
images/18630.jpg,pinus_taeda
images/18631.jpg,ulmus_rubra
images/18632.jpg,juglans_nigra
images/18633.jpg,magnolia_virginiana
images/18634.jpg,magnolia_virginiana
images/18635.jpg,staphylea_trifolia
images/18636.jpg,prunus_sargentii
images/18637.jpg,carpinus_caroliniana
images/18638.jpg,albizia_julibrissin
images/18639.jpg,oxydendrum_arboreum
images/18640.jpg,ilex_opaca
images/18641.jpg,salix_babylonica
images/18642.jpg,oxydendrum_arboreum
images/18643.jpg,acer_palmatum
images/18644.jpg,quercus_cerris
images/18645.jpg,pinus_flexilis
images/18646.jpg,pinus_flexilis
images/18647.jpg,maclura_pomifera
images/18648.jpg,juglans_nigra
images/18649.jpg,cryptomeria_japonica
images/18650.jpg,magnolia_virginiana
images/18651.jpg,pinus_sylvestris
images/18652.jpg,acer_ginnala
images/18653.jpg,prunus_sargentii
images/18654.jpg,prunus_sargentii
images/18655.jpg,carpinus_caroliniana
images/18656.jpg,maclura_pomifera
images/18657.jpg,stewartia_pseudocamellia
images/18658.jpg,pinus_cembra
images/18659.jpg,fraxinus_nigra
images/18660.jpg,catalpa_bignonioides
images/18661.jpg,quercus_alba
images/18662.jpg,pinus_taeda
images/18663.jpg,cryptomeria_japonica
images/18664.jpg,maclura_pomifera
images/18665.jpg,crataegus_viridis
images/18666.jpg,pinus_flexilis
images/18667.jpg,fraxinus_nigra
images/18668.jpg,salix_babylonica
images/18669.jpg,albizia_julibrissin
images/18670.jpg,salix_matsudana
images/18671.jpg,quercus_palustris
images/18672.jpg,maclura_pomifera
images/18673.jpg,albizia_julibrissin
images/18674.jpg,prunus_sargentii
images/18675.jpg,broussonettia_papyrifera
images/18676.jpg,salix_babylonica
images/18677.jpg,carya_cordiformis
images/18678.jpg,quercus_alba
images/18679.jpg,broussonettia_papyrifera
images/18680.jpg,diospyros_virginiana
images/18681.jpg,acer_ginnala
images/18682.jpg,pinus_taeda
images/18683.jpg,acer_palmatum
images/18684.jpg,magnolia_virginiana
images/18685.jpg,acer_palmatum
images/18686.jpg,magnolia_virginiana
images/18687.jpg,picea_pungens
images/18688.jpg,magnolia_virginiana
images/18689.jpg,ailanthus_altissima
images/18690.jpg,prunus_sargentii
images/18691.jpg,crataegus_viridis
images/18692.jpg,carpinus_caroliniana
images/18693.jpg,maclura_pomifera
images/18694.jpg,oxydendrum_arboreum
images/18695.jpg,albizia_julibrissin
images/18696.jpg,pinus_taeda
images/18697.jpg,prunus_sargentii
images/18698.jpg,magnolia_tripetala
images/18699.jpg,acer_negundo
images/18700.jpg,pinus_flexilis
images/18701.jpg,betula_nigra
images/18702.jpg,ulmus_rubra
images/18703.jpg,ficus_carica
images/18704.jpg,salix_matsudana
images/18705.jpg,picea_pungens
images/18706.jpg,picea_pungens
images/18707.jpg,quercus_palustris
images/18708.jpg,magnolia_virginiana
images/18709.jpg,ulmus_rubra
images/18710.jpg,acer_palmatum
images/18711.jpg,quercus_cerris
images/18712.jpg,picea_pungens
images/18713.jpg,pseudolarix_amabilis
images/18714.jpg,oxydendrum_arboreum
images/18715.jpg,cladrastis_lutea
images/18716.jpg,carpinus_caroliniana
images/18717.jpg,albizia_julibrissin
images/18718.jpg,quercus_cerris
images/18719.jpg,quercus_cerris
images/18720.jpg,maclura_pomifera
images/18721.jpg,salix_babylonica
images/18722.jpg,oxydendrum_arboreum
images/18723.jpg,pinus_flexilis
images/18724.jpg,acer_palmatum
images/18725.jpg,prunus_sargentii
images/18726.jpg,magnolia_virginiana
images/18727.jpg,oxydendrum_arboreum
images/18728.jpg,magnolia_virginiana
images/18729.jpg,acer_palmatum
images/18730.jpg,cercis_canadensis
images/18731.jpg,catalpa_bignonioides
images/18732.jpg,magnolia_virginiana
images/18733.jpg,salix_babylonica
images/18734.jpg,cercis_canadensis
images/18735.jpg,crataegus_viridis
images/18736.jpg,ailanthus_altissima
images/18737.jpg,maclura_pomifera
images/18738.jpg,salix_matsudana
images/18739.jpg,pinus_flexilis
images/18740.jpg,magnolia_virginiana
images/18741.jpg,carpinus_caroliniana
images/18742.jpg,ilex_opaca
images/18743.jpg,magnolia_tripetala
images/18744.jpg,fraxinus_nigra
images/18745.jpg,fraxinus_nigra
images/18746.jpg,magnolia_grandiflora
images/18747.jpg,picea_pungens
images/18748.jpg,magnolia_virginiana
images/18749.jpg,fraxinus_nigra
images/18750.jpg,maclura_pomifera
images/18751.jpg,albizia_julibrissin
images/18752.jpg,magnolia_virginiana
images/18753.jpg,quercus_muehlenbergii
images/18754.jpg,cercis_canadensis
images/18755.jpg,magnolia_virginiana
images/18756.jpg,ilex_opaca
images/18757.jpg,quercus_palustris
images/18758.jpg,pinus_taeda
images/18759.jpg,picea_pungens
images/18760.jpg,pinus_taeda
images/18761.jpg,pinus_flexilis
images/18762.jpg,pinus_flexilis
images/18763.jpg,diospyros_virginiana
images/18764.jpg,magnolia_virginiana
images/18765.jpg,prunus_pensylvanica
images/18766.jpg,pinus_flexilis
images/18767.jpg,albizia_julibrissin
images/18768.jpg,quercus_cerris
images/18769.jpg,cryptomeria_japonica
images/18770.jpg,pinus_cembra
images/18771.jpg,magnolia_virginiana
images/18772.jpg,quercus_palustris
images/18773.jpg,magnolia_virginiana
images/18774.jpg,robinia_pseudo-acacia
images/18775.jpg,robinia_pseudo-acacia
images/18776.jpg,acer_palmatum
images/18777.jpg,ptelea_trifoliata
images/18778.jpg,catalpa_bignonioides
images/18779.jpg,ptelea_trifoliata
images/18780.jpg,ulmus_rubra
images/18781.jpg,pinus_flexilis
images/18782.jpg,acer_palmatum
images/18783.jpg,pinus_virginiana
images/18784.jpg,oxydendrum_arboreum
images/18785.jpg,magnolia_virginiana
images/18786.jpg,carpinus_caroliniana
images/18787.jpg,stewartia_pseudocamellia
images/18788.jpg,maclura_pomifera
images/18789.jpg,quercus_alba
images/18790.jpg,maclura_pomifera
images/18791.jpg,quercus_acutissima
images/18792.jpg,pinus_flexilis
images/18793.jpg,broussonettia_papyrifera
images/18794.jpg,quercus_palustris
images/18795.jpg,pinus_flexilis
images/18796.jpg,quercus_cerris
images/18797.jpg,carpinus_caroliniana
images/18798.jpg,pinus_flexilis
images/18799.jpg,quercus_cerris
images/18800.jpg,pinus_flexilis
images/18801.jpg,maclura_pomifera
images/18802.jpg,magnolia_tripetala
images/18803.jpg,picea_pungens
images/18804.jpg,quercus_palustris
images/18805.jpg,pseudolarix_amabilis
images/18806.jpg,acer_negundo
images/18807.jpg,picea_pungens
images/18808.jpg,ulmus_rubra
images/18809.jpg,acer_palmatum
images/18810.jpg,carpinus_caroliniana
images/18811.jpg,magnolia_virginiana
images/18812.jpg,maclura_pomifera
images/18813.jpg,catalpa_bignonioides
images/18814.jpg,quercus_montana
images/18815.jpg,acer_negundo
images/18816.jpg,salix_babylonica
images/18817.jpg,pinus_flexilis
images/18818.jpg,quercus_cerris
images/18819.jpg,carpinus_caroliniana
images/18820.jpg,maclura_pomifera
images/18821.jpg,metasequoia_glyptostroboides
images/18822.jpg,acer_negundo
images/18823.jpg,pinus_flexilis
images/18824.jpg,maclura_pomifera
images/18825.jpg,acer_negundo
images/18826.jpg,pinus_flexilis
images/18827.jpg,fraxinus_nigra
images/18828.jpg,albizia_julibrissin
images/18829.jpg,pinus_cembra
images/18830.jpg,carpinus_caroliniana
images/18831.jpg,acer_palmatum
images/18832.jpg,broussonettia_papyrifera
images/18833.jpg,cryptomeria_japonica
images/18834.jpg,magnolia_virginiana
images/18835.jpg,albizia_julibrissin
images/18836.jpg,albizia_julibrissin
images/18837.jpg,carpinus_caroliniana
images/18838.jpg,albizia_julibrissin
images/18839.jpg,magnolia_virginiana
images/18840.jpg,albizia_julibrissin
images/18841.jpg,albizia_julibrissin
images/18842.jpg,metasequoia_glyptostroboides
images/18843.jpg,salix_babylonica
images/18844.jpg,quercus_cerris
images/18845.jpg,ficus_carica
images/18846.jpg,acer_palmatum
images/18847.jpg,pinus_flexilis
images/18848.jpg,magnolia_virginiana
images/18849.jpg,albizia_julibrissin
images/18850.jpg,acer_palmatum
images/18851.jpg,albizia_julibrissin
images/18852.jpg,magnolia_virginiana
images/18853.jpg,quercus_palustris
images/18854.jpg,magnolia_virginiana
images/18855.jpg,ilex_opaca
images/18856.jpg,pinus_flexilis
images/18857.jpg,albizia_julibrissin
images/18858.jpg,diospyros_virginiana
images/18859.jpg,pinus_taeda
images/18860.jpg,magnolia_virginiana
images/18861.jpg,broussonettia_papyrifera
images/18862.jpg,quercus_palustris
images/18863.jpg,albizia_julibrissin
images/18864.jpg,ulmus_rubra
images/18865.jpg,salix_nigra
images/18866.jpg,prunus_sargentii
images/18867.jpg,maclura_pomifera
images/18868.jpg,magnolia_grandiflora
images/18869.jpg,broussonettia_papyrifera
images/18870.jpg,magnolia_virginiana
images/18871.jpg,cryptomeria_japonica
images/18872.jpg,salix_babylonica
images/18873.jpg,magnolia_grandiflora
images/18874.jpg,albizia_julibrissin
images/18875.jpg,albizia_julibrissin
images/18876.jpg,pinus_flexilis
images/18877.jpg,ailanthus_altissima
images/18878.jpg,picea_orientalis
images/18879.jpg,oxydendrum_arboreum
images/18880.jpg,salix_matsudana
images/18881.jpg,pinus_flexilis
images/18882.jpg,pseudolarix_amabilis
images/18883.jpg,diospyros_virginiana
images/18884.jpg,stewartia_pseudocamellia
images/18885.jpg,ilex_opaca
images/18886.jpg,salix_babylonica
images/18887.jpg,cryptomeria_japonica
images/18888.jpg,salix_babylonica
images/18889.jpg,pinus_flexilis
images/18890.jpg,picea_pungens
images/18891.jpg,oxydendrum_arboreum
images/18892.jpg,carpinus_caroliniana
images/18893.jpg,broussonettia_papyrifera
images/18894.jpg,acer_palmatum
images/18895.jpg,albizia_julibrissin
images/18896.jpg,diospyros_virginiana
images/18897.jpg,magnolia_virginiana
images/18898.jpg,populus_deltoides
images/18899.jpg,acer_palmatum
images/18900.jpg,asimina_triloba
images/18901.jpg,magnolia_grandiflora
images/18902.jpg,albizia_julibrissin
images/18903.jpg,magnolia_virginiana
images/18904.jpg,picea_pungens
images/18905.jpg,picea_pungens
images/18906.jpg,pseudolarix_amabilis
images/18907.jpg,carpinus_caroliniana
images/18908.jpg,magnolia_tripetala
images/18909.jpg,populus_deltoides
images/18910.jpg,staphylea_trifolia
images/18911.jpg,albizia_julibrissin
images/18912.jpg,pinus_flexilis
images/18913.jpg,ptelea_trifoliata
images/18914.jpg,oxydendrum_arboreum
images/18915.jpg,crataegus_viridis
images/18916.jpg,quercus_muehlenbergii
images/18917.jpg,magnolia_virginiana
images/18918.jpg,quercus_acutissima
images/18919.jpg,acer_palmatum
images/18920.jpg,pinus_flexilis
images/18921.jpg,pinus_flexilis
images/18922.jpg,stewartia_pseudocamellia
images/18923.jpg,picea_pungens
images/18924.jpg,prunus_virginiana
images/18925.jpg,ulmus_pumila
images/18926.jpg,albizia_julibrissin
images/18927.jpg,salix_babylonica
images/18928.jpg,maclura_pomifera
images/18929.jpg,albizia_julibrissin
images/18930.jpg,quercus_alba
images/18931.jpg,koelreuteria_paniculata
images/18932.jpg,acer_palmatum
images/18933.jpg,oxydendrum_arboreum
images/18934.jpg,broussonettia_papyrifera
images/18935.jpg,quercus_cerris
images/18936.jpg,cryptomeria_japonica
images/18937.jpg,oxydendrum_arboreum
images/18938.jpg,oxydendrum_arboreum
images/18939.jpg,pinus_flexilis
images/18940.jpg,magnolia_virginiana
images/18941.jpg,carpinus_caroliniana
images/18942.jpg,picea_pungens
images/18943.jpg,magnolia_virginiana
images/18944.jpg,diospyros_virginiana
images/18945.jpg,taxodium_distichum
images/18946.jpg,maclura_pomifera
images/18947.jpg,acer_palmatum
images/18948.jpg,robinia_pseudo-acacia
images/18949.jpg,magnolia_virginiana
images/18950.jpg,quercus_palustris
images/18951.jpg,oxydendrum_arboreum
images/18952.jpg,pinus_flexilis
images/18953.jpg,carpinus_caroliniana
images/18954.jpg,magnolia_virginiana
images/18955.jpg,maclura_pomifera
images/18956.jpg,ulmus_rubra
images/18957.jpg,acer_saccharinum
images/18958.jpg,acer_palmatum
images/18959.jpg,acer_palmatum
images/18960.jpg,picea_orientalis
images/18961.jpg,betula_nigra
images/18962.jpg,salix_matsudana
images/18963.jpg,salix_babylonica
images/18964.jpg,oxydendrum_arboreum
images/18965.jpg,magnolia_virginiana
images/18966.jpg,acer_negundo
images/18967.jpg,albizia_julibrissin
images/18968.jpg,acer_palmatum
images/18969.jpg,quercus_cerris
images/18970.jpg,salix_babylonica
images/18971.jpg,quercus_palustris
images/18972.jpg,prunus_sargentii
images/18973.jpg,acer_palmatum
images/18974.jpg,acer_negundo
images/18975.jpg,quercus_cerris
images/18976.jpg,oxydendrum_arboreum
images/18977.jpg,magnolia_virginiana
images/18978.jpg,magnolia_virginiana
images/18979.jpg,albizia_julibrissin
images/18980.jpg,ulmus_americana
images/18981.jpg,crataegus_viridis
images/18982.jpg,albizia_julibrissin
images/18983.jpg,prunus_sargentii
images/18984.jpg,pinus_taeda
images/18985.jpg,carpinus_caroliniana
images/18986.jpg,pinus_flexilis
images/18987.jpg,salix_babylonica
images/18988.jpg,carpinus_caroliniana
images/18989.jpg,quercus_palustris
images/18990.jpg,pinus_cembra
images/18991.jpg,crataegus_viridis
images/18992.jpg,ilex_opaca
images/18993.jpg,broussonettia_papyrifera
images/18994.jpg,maclura_pomifera
images/18995.jpg,quercus_alba
images/18996.jpg,fraxinus_nigra
images/18997.jpg,picea_pungens
images/18998.jpg,albizia_julibrissin
images/18999.jpg,albizia_julibrissin
images/19000.jpg,crataegus_viridis
images/19001.jpg,crataegus_viridis
images/19002.jpg,prunus_sargentii
images/19003.jpg,salix_matsudana
images/19004.jpg,albizia_julibrissin
images/19005.jpg,ptelea_trifoliata
images/19006.jpg,quercus_muehlenbergii
images/19007.jpg,juglans_nigra
images/19008.jpg,pinus_cembra
images/19009.jpg,quercus_acutissima
images/19010.jpg,taxodium_distichum
images/19011.jpg,crataegus_viridis
images/19012.jpg,quercus_palustris
images/19013.jpg,diospyros_virginiana
images/19014.jpg,acer_negundo
images/19015.jpg,albizia_julibrissin
images/19016.jpg,magnolia_virginiana
images/19017.jpg,ulmus_rubra
images/19018.jpg,quercus_alba
images/19019.jpg,quercus_cerris
images/19020.jpg,fraxinus_nigra
images/19021.jpg,maclura_pomifera
images/19022.jpg,acer_negundo
images/19023.jpg,asimina_triloba
images/19024.jpg,pinus_taeda
images/19025.jpg,magnolia_virginiana
images/19026.jpg,carpinus_caroliniana
images/19027.jpg,ulmus_rubra
images/19028.jpg,maclura_pomifera
images/19029.jpg,broussonettia_papyrifera
images/19030.jpg,cryptomeria_japonica
images/19031.jpg,taxodium_distichum
images/19032.jpg,ilex_opaca
images/19033.jpg,juniperus_virginiana
images/19034.jpg,oxydendrum_arboreum
images/19035.jpg,pinus_virginiana
images/19036.jpg,ulmus_rubra
images/19037.jpg,ulmus_rubra
images/19038.jpg,ulmus_rubra
images/19039.jpg,maclura_pomifera
images/19040.jpg,carpinus_caroliniana
images/19041.jpg,populus_deltoides
images/19042.jpg,quercus_palustris
images/19043.jpg,acer_negundo
images/19044.jpg,prunus_sargentii
images/19045.jpg,ilex_opaca
images/19046.jpg,ulmus_rubra
images/19047.jpg,carpinus_caroliniana
images/19048.jpg,magnolia_virginiana
images/19049.jpg,oxydendrum_arboreum
images/19050.jpg,carpinus_caroliniana
images/19051.jpg,salix_matsudana
images/19052.jpg,broussonettia_papyrifera
images/19053.jpg,acer_palmatum
images/19054.jpg,robinia_pseudo-acacia
images/19055.jpg,maclura_pomifera
images/19056.jpg,maclura_pomifera
images/19057.jpg,magnolia_virginiana
images/19058.jpg,albizia_julibrissin
images/19059.jpg,maclura_pomifera
images/19060.jpg,magnolia_virginiana
images/19061.jpg,acer_palmatum
images/19062.jpg,quercus_muehlenbergii
images/19063.jpg,albizia_julibrissin
images/19064.jpg,diospyros_virginiana
images/19065.jpg,magnolia_virginiana
images/19066.jpg,taxodium_distichum
images/19067.jpg,maclura_pomifera
images/19068.jpg,cryptomeria_japonica
images/19069.jpg,pinus_flexilis
images/19070.jpg,salix_babylonica
images/19071.jpg,quercus_muehlenbergii
images/19072.jpg,populus_deltoides
images/19073.jpg,magnolia_virginiana
images/19074.jpg,cryptomeria_japonica
images/19075.jpg,quercus_cerris
images/19076.jpg,metasequoia_glyptostroboides
images/19077.jpg,ulmus_rubra
images/19078.jpg,albizia_julibrissin
images/19079.jpg,quercus_cerris
images/19080.jpg,ilex_opaca
images/19081.jpg,pseudolarix_amabilis
images/19082.jpg,pinus_flexilis
images/19083.jpg,maclura_pomifera
images/19084.jpg,quercus_cerris
images/19085.jpg,ulmus_rubra
images/19086.jpg,ailanthus_altissima
images/19087.jpg,catalpa_bignonioides
images/19088.jpg,ailanthus_altissima
images/19089.jpg,picea_pungens
images/19090.jpg,magnolia_virginiana
images/19091.jpg,quercus_cerris
images/19092.jpg,pinus_flexilis
images/19093.jpg,magnolia_virginiana
images/19094.jpg,magnolia_virginiana
images/19095.jpg,magnolia_virginiana
images/19096.jpg,pinus_flexilis
images/19097.jpg,magnolia_virginiana
images/19098.jpg,magnolia_tripetala
images/19099.jpg,broussonettia_papyrifera
images/19100.jpg,magnolia_virginiana
images/19101.jpg,carpinus_caroliniana
images/19102.jpg,carpinus_caroliniana
images/19103.jpg,pinus_flexilis
images/19104.jpg,salix_babylonica
images/19105.jpg,maclura_pomifera
images/19106.jpg,magnolia_virginiana
images/19107.jpg,quercus_alba
images/19108.jpg,broussonettia_papyrifera
images/19109.jpg,magnolia_grandiflora
images/19110.jpg,magnolia_virginiana
images/19111.jpg,prunus_sargentii
images/19112.jpg,carpinus_caroliniana
images/19113.jpg,albizia_julibrissin
images/19114.jpg,prunus_sargentii
images/19115.jpg,maclura_pomifera
images/19116.jpg,picea_pungens
images/19117.jpg,salix_babylonica
images/19118.jpg,broussonettia_papyrifera
images/19119.jpg,catalpa_bignonioides
images/19120.jpg,fraxinus_nigra
images/19121.jpg,magnolia_virginiana
images/19122.jpg,magnolia_acuminata
images/19123.jpg,albizia_julibrissin
images/19124.jpg,quercus_cerris
images/19125.jpg,carpinus_caroliniana
images/19126.jpg,oxydendrum_arboreum
images/19127.jpg,picea_pungens
images/19128.jpg,acer_saccharum
images/19129.jpg,staphylea_trifolia
images/19130.jpg,maclura_pomifera
images/19131.jpg,magnolia_virginiana
images/19132.jpg,albizia_julibrissin
images/19133.jpg,carpinus_caroliniana
images/19134.jpg,magnolia_virginiana
images/19135.jpg,crataegus_viridis
images/19136.jpg,quercus_cerris
images/19137.jpg,quercus_palustris
images/19138.jpg,prunus_pensylvanica
images/19139.jpg,ilex_opaca
images/19140.jpg,magnolia_virginiana
images/19141.jpg,populus_deltoides
images/19142.jpg,crataegus_viridis
images/19143.jpg,picea_pungens
images/19144.jpg,populus_deltoides
images/19145.jpg,salix_babylonica
images/19146.jpg,acer_saccharum
images/19147.jpg,maclura_pomifera
images/19148.jpg,magnolia_virginiana
images/19149.jpg,albizia_julibrissin
images/19150.jpg,magnolia_virginiana
images/19151.jpg,quercus_cerris
images/19152.jpg,crataegus_viridis
images/19153.jpg,pseudolarix_amabilis
images/19154.jpg,broussonettia_papyrifera
images/19155.jpg,albizia_julibrissin
images/19156.jpg,quercus_palustris
images/19157.jpg,fraxinus_nigra
images/19158.jpg,pinus_sylvestris
images/19159.jpg,quercus_acutissima
images/19160.jpg,magnolia_virginiana
images/19161.jpg,magnolia_virginiana
images/19162.jpg,pinus_flexilis
images/19163.jpg,maclura_pomifera
images/19164.jpg,stewartia_pseudocamellia
images/19165.jpg,crataegus_laevigata
images/19166.jpg,pinus_flexilis
images/19167.jpg,maclura_pomifera
images/19168.jpg,picea_pungens
images/19169.jpg,crataegus_viridis
images/19170.jpg,magnolia_virginiana
images/19171.jpg,magnolia_virginiana
images/19172.jpg,pinus_sylvestris
images/19173.jpg,picea_pungens
images/19174.jpg,maclura_pomifera
images/19175.jpg,quercus_palustris
images/19176.jpg,carpinus_caroliniana
images/19177.jpg,ulmus_rubra
images/19178.jpg,carya_cordiformis
images/19179.jpg,magnolia_virginiana
images/19180.jpg,carpinus_caroliniana
images/19181.jpg,acer_palmatum
images/19182.jpg,magnolia_virginiana
images/19183.jpg,quercus_acutissima
images/19184.jpg,maclura_pomifera
images/19185.jpg,albizia_julibrissin
images/19186.jpg,magnolia_virginiana
images/19187.jpg,magnolia_virginiana
images/19188.jpg,pinus_virginiana
images/19189.jpg,maclura_pomifera
images/19190.jpg,acer_negundo
images/19191.jpg,pinus_flexilis
images/19192.jpg,carpinus_caroliniana
images/19193.jpg,magnolia_virginiana
images/19194.jpg,albizia_julibrissin
images/19195.jpg,quercus_muehlenbergii
images/19196.jpg,betula_nigra
images/19197.jpg,prunus_sargentii
images/19198.jpg,fraxinus_nigra
images/19199.jpg,prunus_sargentii
images/19200.jpg,acer_palmatum
images/19201.jpg,magnolia_virginiana
images/19202.jpg,quercus_velutina
images/19203.jpg,prunus_sargentii
images/19204.jpg,ulmus_rubra
images/19205.jpg,picea_pungens
images/19206.jpg,maclura_pomifera
images/19207.jpg,ilex_opaca
images/19208.jpg,maclura_pomifera
images/19209.jpg,carpinus_caroliniana
images/19210.jpg,pinus_flexilis
images/19211.jpg,albizia_julibrissin
images/19212.jpg,maclura_pomifera
images/19213.jpg,picea_pungens
images/19214.jpg,stewartia_pseudocamellia
images/19215.jpg,pinus_flexilis
images/19216.jpg,pinus_flexilis
images/19217.jpg,salix_babylonica
images/19218.jpg,ulmus_americana
images/19219.jpg,magnolia_virginiana
images/19220.jpg,albizia_julibrissin
images/19221.jpg,pinus_flexilis
images/19222.jpg,robinia_pseudo-acacia
images/19223.jpg,cryptomeria_japonica
images/19224.jpg,salix_matsudana
images/19225.jpg,albizia_julibrissin
images/19226.jpg,magnolia_virginiana
images/19227.jpg,quercus_alba
images/19228.jpg,magnolia_virginiana
images/19229.jpg,ulmus_rubra
images/19230.jpg,albizia_julibrissin
images/19231.jpg,broussonettia_papyrifera
images/19232.jpg,pinus_flexilis
images/19233.jpg,picea_pungens
images/19234.jpg,populus_deltoides
images/19235.jpg,ilex_opaca
images/19236.jpg,albizia_julibrissin
images/19237.jpg,cercis_canadensis
images/19238.jpg,acer_palmatum
images/19239.jpg,carpinus_caroliniana
images/19240.jpg,maclura_pomifera
images/19241.jpg,albizia_julibrissin
images/19242.jpg,cryptomeria_japonica
images/19243.jpg,populus_deltoides
images/19244.jpg,crataegus_viridis
images/19245.jpg,magnolia_virginiana
images/19246.jpg,pinus_sylvestris
images/19247.jpg,magnolia_virginiana
images/19248.jpg,magnolia_virginiana
images/19249.jpg,ilex_opaca
images/19250.jpg,acer_palmatum
images/19251.jpg,acer_palmatum
images/19252.jpg,cryptomeria_japonica
images/19253.jpg,albizia_julibrissin
images/19254.jpg,ulmus_rubra
images/19255.jpg,magnolia_virginiana
images/19256.jpg,quercus_acutissima
images/19257.jpg,albizia_julibrissin
images/19258.jpg,ulmus_rubra
images/19259.jpg,crataegus_viridis
images/19260.jpg,albizia_julibrissin
images/19261.jpg,aesculus_pavi
images/19262.jpg,oxydendrum_arboreum
images/19263.jpg,albizia_julibrissin
images/19264.jpg,magnolia_virginiana
images/19265.jpg,maclura_pomifera
images/19266.jpg,fraxinus_nigra
images/19267.jpg,pinus_flexilis
images/19268.jpg,populus_deltoides
images/19269.jpg,populus_deltoides
images/19270.jpg,stewartia_pseudocamellia
images/19271.jpg,prunus_sargentii
images/19272.jpg,carpinus_caroliniana
images/19273.jpg,ailanthus_altissima
images/19274.jpg,magnolia_virginiana
images/19275.jpg,carpinus_caroliniana
images/19276.jpg,pinus_cembra
images/19277.jpg,acer_palmatum
images/19278.jpg,maclura_pomifera
images/19279.jpg,ulmus_rubra
images/19280.jpg,acer_negundo
images/19281.jpg,albizia_julibrissin
images/19282.jpg,albizia_julibrissin
images/19283.jpg,acer_palmatum
images/19284.jpg,pinus_virginiana
images/19285.jpg,acer_negundo
images/19286.jpg,carpinus_caroliniana
images/19287.jpg,acer_palmatum
images/19288.jpg,staphylea_trifolia
images/19289.jpg,acer_palmatum
images/19290.jpg,pinus_taeda
images/19291.jpg,ulmus_americana
images/19292.jpg,pinus_flexilis
images/19293.jpg,picea_pungens
images/19294.jpg,cryptomeria_japonica
images/19295.jpg,picea_pungens
images/19296.jpg,broussonettia_papyrifera
images/19297.jpg,magnolia_virginiana
images/19298.jpg,pinus_flexilis
images/19299.jpg,salix_babylonica
images/19300.jpg,picea_pungens
images/19301.jpg,cryptomeria_japonica
images/19302.jpg,pinus_flexilis
images/19303.jpg,pinus_peucea
images/19304.jpg,carpinus_caroliniana
images/19305.jpg,cryptomeria_japonica
images/19306.jpg,magnolia_virginiana
images/19307.jpg,acer_palmatum
images/19308.jpg,picea_pungens
images/19309.jpg,crataegus_viridis
images/19310.jpg,quercus_alba
images/19311.jpg,picea_pungens
images/19312.jpg,acer_palmatum
images/19313.jpg,pinus_flexilis
images/19314.jpg,taxodium_distichum
images/19315.jpg,salix_babylonica
images/19316.jpg,pinus_flexilis
images/19317.jpg,carpinus_caroliniana
images/19318.jpg,cryptomeria_japonica
images/19319.jpg,carya_cordiformis
images/19320.jpg,pinus_sylvestris
images/19321.jpg,quercus_cerris
images/19322.jpg,quercus_alba
images/19323.jpg,juglans_nigra
images/19324.jpg,crataegus_viridis
images/19325.jpg,magnolia_virginiana
images/19326.jpg,carya_cordiformis
images/19327.jpg,quercus_muehlenbergii
images/19328.jpg,acer_palmatum
images/19329.jpg,quercus_alba
images/19330.jpg,quercus_palustris
images/19331.jpg,oxydendrum_arboreum
images/19332.jpg,picea_orientalis
images/19333.jpg,acer_palmatum
images/19334.jpg,pinus_flexilis
images/19335.jpg,carpinus_caroliniana
images/19336.jpg,ulmus_rubra
images/19337.jpg,magnolia_virginiana
images/19338.jpg,acer_negundo
images/19339.jpg,crataegus_laevigata
images/19340.jpg,quercus_cerris
images/19341.jpg,acer_negundo
images/19342.jpg,picea_orientalis
images/19343.jpg,carpinus_caroliniana
images/19344.jpg,carpinus_caroliniana
images/19345.jpg,quercus_cerris
images/19346.jpg,fagus_grandifolia
images/19347.jpg,acer_negundo
images/19348.jpg,magnolia_virginiana
images/19349.jpg,cladrastis_lutea
images/19350.jpg,crataegus_viridis
images/19351.jpg,carpinus_caroliniana
images/19352.jpg,picea_pungens
images/19353.jpg,magnolia_virginiana
images/19354.jpg,picea_pungens
images/19355.jpg,maclura_pomifera
images/19356.jpg,magnolia_virginiana
images/19357.jpg,carpinus_caroliniana
images/19358.jpg,magnolia_virginiana
images/19359.jpg,juglans_nigra
images/19360.jpg,acer_palmatum
images/19361.jpg,albizia_julibrissin
images/19362.jpg,maclura_pomifera
images/19363.jpg,pinus_flexilis
images/19364.jpg,albizia_julibrissin
images/19365.jpg,pinus_nigra
images/19366.jpg,acer_negundo
images/19367.jpg,fraxinus_nigra
images/19368.jpg,quercus_cerris
images/19369.jpg,taxodium_distichum
images/19370.jpg,fraxinus_nigra
images/19371.jpg,pinus_flexilis
images/19372.jpg,fraxinus_nigra
images/19373.jpg,magnolia_virginiana
images/19374.jpg,crataegus_viridis
images/19375.jpg,albizia_julibrissin
images/19376.jpg,quercus_cerris
images/19377.jpg,ilex_opaca
images/19378.jpg,maclura_pomifera
images/19379.jpg,albizia_julibrissin
images/19380.jpg,salix_babylonica
images/19381.jpg,ilex_opaca
images/19382.jpg,salix_babylonica
images/19383.jpg,prunus_sargentii
images/19384.jpg,oxydendrum_arboreum
images/19385.jpg,magnolia_tripetala
images/19386.jpg,ilex_opaca
images/19387.jpg,asimina_triloba
images/19388.jpg,pinus_flexilis
images/19389.jpg,oxydendrum_arboreum
images/19390.jpg,acer_palmatum
images/19391.jpg,picea_pungens
images/19392.jpg,prunus_pensylvanica
images/19393.jpg,quercus_palustris
images/19394.jpg,magnolia_virginiana
images/19395.jpg,magnolia_virginiana
images/19396.jpg,catalpa_bignonioides
images/19397.jpg,oxydendrum_arboreum
images/19398.jpg,magnolia_virginiana
images/19399.jpg,prunus_sargentii
images/19400.jpg,acer_ginnala
images/19401.jpg,quercus_cerris
images/19402.jpg,maclura_pomifera
images/19403.jpg,picea_pungens
images/19404.jpg,acer_negundo
images/19405.jpg,ptelea_trifoliata
images/19406.jpg,oxydendrum_arboreum
images/19407.jpg,crataegus_viridis
images/19408.jpg,magnolia_acuminata
images/19409.jpg,ilex_opaca
images/19410.jpg,magnolia_virginiana
images/19411.jpg,pinus_flexilis
images/19412.jpg,magnolia_tripetala
images/19413.jpg,magnolia_virginiana
images/19414.jpg,ptelea_trifoliata
images/19415.jpg,pinus_flexilis
images/19416.jpg,magnolia_virginiana
images/19417.jpg,salix_babylonica
images/19418.jpg,salix_babylonica
images/19419.jpg,acer_palmatum
images/19420.jpg,ptelea_trifoliata
images/19421.jpg,crataegus_viridis
images/19422.jpg,pseudolarix_amabilis
images/19423.jpg,picea_pungens
images/19424.jpg,pinus_virginiana
images/19425.jpg,albizia_julibrissin
images/19426.jpg,ficus_carica
images/19427.jpg,magnolia_virginiana
images/19428.jpg,picea_pungens
images/19429.jpg,quercus_palustris
images/19430.jpg,salix_babylonica
images/19431.jpg,ulmus_rubra
images/19432.jpg,ailanthus_altissima
images/19433.jpg,robinia_pseudo-acacia
images/19434.jpg,salix_matsudana
images/19435.jpg,quercus_cerris
images/19436.jpg,albizia_julibrissin
images/19437.jpg,broussonettia_papyrifera
images/19438.jpg,ilex_opaca
images/19439.jpg,diospyros_virginiana
images/19440.jpg,ulmus_rubra
images/19441.jpg,quercus_cerris
images/19442.jpg,ulmus_rubra
images/19443.jpg,acer_negundo
images/19444.jpg,quercus_alba
images/19445.jpg,quercus_palustris
images/19446.jpg,ilex_opaca
images/19447.jpg,pinus_taeda
images/19448.jpg,carpinus_caroliniana
images/19449.jpg,magnolia_virginiana
images/19450.jpg,carpinus_caroliniana
images/19451.jpg,magnolia_virginiana
images/19452.jpg,acer_palmatum
images/19453.jpg,maclura_pomifera
images/19454.jpg,cryptomeria_japonica
images/19455.jpg,pinus_flexilis
images/19456.jpg,carpinus_caroliniana
images/19457.jpg,magnolia_virginiana
images/19458.jpg,pinus_flexilis
images/19459.jpg,ulmus_rubra
images/19460.jpg,albizia_julibrissin
images/19461.jpg,salix_babylonica
images/19462.jpg,pinus_flexilis
images/19463.jpg,quercus_cerris
images/19464.jpg,quercus_cerris
images/19465.jpg,ilex_opaca
images/19466.jpg,pinus_cembra
images/19467.jpg,broussonettia_papyrifera
images/19468.jpg,carpinus_caroliniana
images/19469.jpg,ulmus_rubra
images/19470.jpg,quercus_cerris
images/19471.jpg,albizia_julibrissin
images/19472.jpg,pinus_flexilis
images/19473.jpg,magnolia_virginiana
images/19474.jpg,magnolia_virginiana
images/19475.jpg,ulmus_rubra
images/19476.jpg,fraxinus_nigra
images/19477.jpg,carpinus_caroliniana
images/19478.jpg,picea_pungens
images/19479.jpg,albizia_julibrissin
images/19480.jpg,fraxinus_nigra
images/19481.jpg,pinus_flexilis
images/19482.jpg,ulmus_rubra
images/19483.jpg,cryptomeria_japonica
images/19484.jpg,albizia_julibrissin
images/19485.jpg,ilex_opaca
images/19486.jpg,oxydendrum_arboreum
images/19487.jpg,cryptomeria_japonica
images/19488.jpg,maclura_pomifera
images/19489.jpg,magnolia_virginiana
images/19490.jpg,magnolia_virginiana
images/19491.jpg,magnolia_virginiana
images/19492.jpg,maclura_pomifera
images/19493.jpg,magnolia_virginiana
images/19494.jpg,albizia_julibrissin
images/19495.jpg,magnolia_virginiana
images/19496.jpg,juniperus_virginiana
images/19497.jpg,oxydendrum_arboreum
images/19498.jpg,salix_babylonica
images/19499.jpg,populus_deltoides
images/19500.jpg,pinus_flexilis
images/19501.jpg,diospyros_virginiana
images/19502.jpg,albizia_julibrissin
images/19503.jpg,magnolia_virginiana
images/19504.jpg,quercus_cerris
images/19505.jpg,picea_pungens
images/19506.jpg,maclura_pomifera
images/19507.jpg,pinus_flexilis
images/19508.jpg,oxydendrum_arboreum
images/19509.jpg,oxydendrum_arboreum
images/19510.jpg,pinus_flexilis
images/19511.jpg,magnolia_grandiflora
images/19512.jpg,carpinus_caroliniana
images/19513.jpg,quercus_cerris
images/19514.jpg,carpinus_caroliniana
images/19515.jpg,taxodium_distichum
images/19516.jpg,acer_negundo
images/19517.jpg,acer_palmatum
images/19518.jpg,magnolia_virginiana
images/19519.jpg,pinus_flexilis
images/19520.jpg,maclura_pomifera
images/19521.jpg,prunus_sargentii
images/19522.jpg,ilex_opaca
images/19523.jpg,magnolia_grandiflora
images/19524.jpg,magnolia_virginiana
images/19525.jpg,quercus_acutissima
images/19526.jpg,pinus_virginiana
images/19527.jpg,pinus_taeda
images/19528.jpg,carpinus_caroliniana
images/19529.jpg,carpinus_caroliniana
images/19530.jpg,crataegus_viridis
images/19531.jpg,picea_pungens
images/19532.jpg,maclura_pomifera
images/19533.jpg,salix_babylonica
images/19534.jpg,broussonettia_papyrifera
images/19535.jpg,maclura_pomifera
images/19536.jpg,carpinus_caroliniana
images/19537.jpg,pinus_peucea
images/19538.jpg,maclura_pomifera
images/19539.jpg,crataegus_viridis
images/19540.jpg,maclura_pomifera
images/19541.jpg,acer_palmatum
images/19542.jpg,betula_nigra
images/19543.jpg,carpinus_caroliniana
images/19544.jpg,maclura_pomifera
images/19545.jpg,quercus_cerris
images/19546.jpg,magnolia_virginiana
images/19547.jpg,pinus_taeda
images/19548.jpg,maclura_pomifera
images/19549.jpg,cryptomeria_japonica
images/19550.jpg,ulmus_rubra
images/19551.jpg,quercus_cerris
images/19552.jpg,cryptomeria_japonica
images/19553.jpg,betula_nigra
images/19554.jpg,cryptomeria_japonica
images/19555.jpg,magnolia_virginiana
images/19556.jpg,magnolia_virginiana
images/19557.jpg,magnolia_virginiana
images/19558.jpg,carpinus_caroliniana
images/19559.jpg,populus_deltoides
images/19560.jpg,maclura_pomifera
images/19561.jpg,magnolia_virginiana
images/19562.jpg,maclura_pomifera
images/19563.jpg,carpinus_caroliniana
images/19564.jpg,ailanthus_altissima
images/19565.jpg,quercus_cerris
images/19566.jpg,albizia_julibrissin
images/19567.jpg,picea_pungens
images/19568.jpg,cladrastis_lutea
images/19569.jpg,picea_pungens
images/19570.jpg,salix_babylonica
images/19571.jpg,crataegus_laevigata
images/19572.jpg,magnolia_virginiana
images/19573.jpg,magnolia_grandiflora
images/19574.jpg,crataegus_viridis
images/19575.jpg,ilex_opaca
images/19576.jpg,crataegus_viridis
images/19577.jpg,broussonettia_papyrifera
images/19578.jpg,staphylea_trifolia
images/19579.jpg,magnolia_virginiana
images/19580.jpg,albizia_julibrissin
images/19581.jpg,oxydendrum_arboreum
images/19582.jpg,crataegus_viridis
images/19583.jpg,diospyros_virginiana
images/19584.jpg,oxydendrum_arboreum
images/19585.jpg,crataegus_viridis
images/19586.jpg,albizia_julibrissin
images/19587.jpg,albizia_julibrissin
images/19588.jpg,magnolia_grandiflora
images/19589.jpg,magnolia_virginiana
images/19590.jpg,quercus_alba
images/19591.jpg,broussonettia_papyrifera
images/19592.jpg,acer_negundo
images/19593.jpg,albizia_julibrissin
images/19594.jpg,betula_nigra
images/19595.jpg,picea_pungens
images/19596.jpg,salix_babylonica
images/19597.jpg,crataegus_viridis
images/19598.jpg,quercus_montana
images/19599.jpg,maclura_pomifera
images/19600.jpg,maclura_pomifera
images/19601.jpg,albizia_julibrissin
images/19602.jpg,prunus_sargentii
images/19603.jpg,carpinus_caroliniana
images/19604.jpg,magnolia_virginiana
images/19605.jpg,magnolia_virginiana
images/19606.jpg,carpinus_caroliniana
images/19607.jpg,carpinus_caroliniana
images/19608.jpg,oxydendrum_arboreum
images/19609.jpg,ulmus_rubra
images/19610.jpg,magnolia_virginiana
images/19611.jpg,ilex_opaca
images/19612.jpg,quercus_palustris
images/19613.jpg,oxydendrum_arboreum
images/19614.jpg,cryptomeria_japonica
images/19615.jpg,magnolia_virginiana
images/19616.jpg,crataegus_viridis
images/19617.jpg,salix_babylonica
images/19618.jpg,ulmus_rubra
images/19619.jpg,magnolia_virginiana
images/19620.jpg,pinus_virginiana
images/19621.jpg,acer_palmatum
images/19622.jpg,carpinus_caroliniana
images/19623.jpg,maclura_pomifera
images/19624.jpg,albizia_julibrissin
images/19625.jpg,salix_matsudana
images/19626.jpg,salix_babylonica
images/19627.jpg,magnolia_virginiana
images/19628.jpg,crataegus_viridis
images/19629.jpg,magnolia_virginiana
images/19630.jpg,acer_palmatum
images/19631.jpg,maclura_pomifera
images/19632.jpg,ailanthus_altissima
images/19633.jpg,oxydendrum_arboreum
images/19634.jpg,magnolia_virginiana
images/19635.jpg,albizia_julibrissin
images/19636.jpg,oxydendrum_arboreum
images/19637.jpg,magnolia_virginiana
images/19638.jpg,pinus_flexilis
images/19639.jpg,maclura_pomifera
images/19640.jpg,albizia_julibrissin
images/19641.jpg,albizia_julibrissin
images/19642.jpg,diospyros_virginiana
images/19643.jpg,cryptomeria_japonica
images/19644.jpg,oxydendrum_arboreum
images/19645.jpg,pinus_flexilis
images/19646.jpg,picea_pungens
images/19647.jpg,quercus_alba
images/19648.jpg,pinus_flexilis
images/19649.jpg,maclura_pomifera
images/19650.jpg,broussonettia_papyrifera
images/19651.jpg,quercus_palustris
images/19652.jpg,salix_babylonica
images/19653.jpg,magnolia_virginiana
images/19654.jpg,ulmus_rubra
images/19655.jpg,magnolia_virginiana
images/19656.jpg,pinus_taeda
images/19657.jpg,maclura_pomifera
images/19658.jpg,crataegus_viridis
images/19659.jpg,ilex_opaca
images/19660.jpg,cryptomeria_japonica
images/19661.jpg,carpinus_caroliniana
images/19662.jpg,quercus_palustris
images/19663.jpg,oxydendrum_arboreum
images/19664.jpg,pinus_flexilis
images/19665.jpg,pinus_taeda
images/19666.jpg,salix_babylonica
images/19667.jpg,diospyros_virginiana
images/19668.jpg,picea_pungens
images/19669.jpg,magnolia_virginiana
images/19670.jpg,ptelea_trifoliata
images/19671.jpg,ilex_opaca
images/19672.jpg,acer_palmatum
images/19673.jpg,quercus_palustris
images/19674.jpg,quercus_cerris
images/19675.jpg,albizia_julibrissin
images/19676.jpg,quercus_palustris
images/19677.jpg,ilex_opaca
images/19678.jpg,albizia_julibrissin
images/19679.jpg,pinus_flexilis
images/19680.jpg,picea_pungens
images/19681.jpg,maclura_pomifera
images/19682.jpg,quercus_muehlenbergii
images/19683.jpg,quercus_muehlenbergii
images/19684.jpg,quercus_palustris
images/19685.jpg,pinus_flexilis
images/19686.jpg,fraxinus_nigra
images/19687.jpg,salix_matsudana
images/19688.jpg,magnolia_virginiana
images/19689.jpg,maclura_pomifera
images/19690.jpg,picea_pungens
images/19691.jpg,diospyros_virginiana
images/19692.jpg,magnolia_virginiana
images/19693.jpg,quercus_montana
images/19694.jpg,magnolia_virginiana
images/19695.jpg,albizia_julibrissin
images/19696.jpg,pinus_flexilis
images/19697.jpg,oxydendrum_arboreum
images/19698.jpg,pinus_flexilis
images/19699.jpg,quercus_palustris
images/19700.jpg,pinus_taeda
images/19701.jpg,oxydendrum_arboreum
images/19702.jpg,albizia_julibrissin
images/19703.jpg,maclura_pomifera
images/19704.jpg,quercus_muehlenbergii
images/19705.jpg,ilex_opaca
images/19706.jpg,pinus_cembra
images/19707.jpg,picea_pungens
images/19708.jpg,pinus_flexilis
images/19709.jpg,maclura_pomifera
images/19710.jpg,oxydendrum_arboreum
images/19711.jpg,ulmus_rubra
images/19712.jpg,fraxinus_nigra
images/19713.jpg,albizia_julibrissin
images/19714.jpg,oxydendrum_arboreum
images/19715.jpg,quercus_cerris
images/19716.jpg,crataegus_viridis
images/19717.jpg,ulmus_rubra
images/19718.jpg,carpinus_caroliniana
images/19719.jpg,quercus_palustris
images/19720.jpg,magnolia_virginiana
images/19721.jpg,pinus_flexilis
images/19722.jpg,crataegus_viridis
images/19723.jpg,crataegus_viridis
images/19724.jpg,catalpa_bignonioides
images/19725.jpg,quercus_palustris
images/19726.jpg,crataegus_viridis
images/19727.jpg,magnolia_virginiana
images/19728.jpg,magnolia_virginiana
images/19729.jpg,quercus_alba
images/19730.jpg,oxydendrum_arboreum
images/19731.jpg,quercus_palustris
images/19732.jpg,maclura_pomifera
images/19733.jpg,maclura_pomifera
images/19734.jpg,metasequoia_glyptostroboides
images/19735.jpg,ilex_opaca
images/19736.jpg,oxydendrum_arboreum
images/19737.jpg,catalpa_bignonioides
images/19738.jpg,salix_matsudana
images/19739.jpg,carpinus_caroliniana
images/19740.jpg,crataegus_viridis
images/19741.jpg,albizia_julibrissin
images/19742.jpg,acer_palmatum
images/19743.jpg,diospyros_virginiana
images/19744.jpg,pinus_taeda
images/19745.jpg,pinus_flexilis
images/19746.jpg,quercus_palustris
images/19747.jpg,catalpa_bignonioides
images/19748.jpg,fraxinus_nigra
images/19749.jpg,crataegus_viridis
images/19750.jpg,juglans_nigra
images/19751.jpg,stewartia_pseudocamellia
images/19752.jpg,magnolia_virginiana
images/19753.jpg,maclura_pomifera
images/19754.jpg,albizia_julibrissin
images/19755.jpg,carya_cordiformis
images/19756.jpg,pinus_taeda
images/19757.jpg,salix_babylonica
images/19758.jpg,acer_palmatum
images/19759.jpg,quercus_palustris
images/19760.jpg,magnolia_tripetala
images/19761.jpg,carpinus_caroliniana
images/19762.jpg,taxodium_distichum
images/19763.jpg,albizia_julibrissin
images/19764.jpg,salix_babylonica
images/19765.jpg,populus_deltoides
images/19766.jpg,robinia_pseudo-acacia
images/19767.jpg,cryptomeria_japonica
images/19768.jpg,prunus_sargentii
images/19769.jpg,salix_matsudana
images/19770.jpg,maclura_pomifera
images/19771.jpg,picea_pungens
images/19772.jpg,albizia_julibrissin
images/19773.jpg,magnolia_virginiana
images/19774.jpg,juglans_nigra
images/19775.jpg,salix_babylonica
images/19776.jpg,quercus_cerris
images/19777.jpg,oxydendrum_arboreum
images/19778.jpg,magnolia_virginiana
images/19779.jpg,magnolia_virginiana
images/19780.jpg,acer_ginnala
images/19781.jpg,robinia_pseudo-acacia
images/19782.jpg,ilex_opaca
images/19783.jpg,cryptomeria_japonica
images/19784.jpg,ulmus_rubra
images/19785.jpg,carpinus_caroliniana
images/19786.jpg,maclura_pomifera
images/19787.jpg,carpinus_caroliniana
images/19788.jpg,catalpa_bignonioides
images/19789.jpg,albizia_julibrissin
images/19790.jpg,quercus_cerris
images/19791.jpg,quercus_alba
images/19792.jpg,magnolia_virginiana
images/19793.jpg,ptelea_trifoliata
images/19794.jpg,salix_matsudana
images/19795.jpg,oxydendrum_arboreum
images/19796.jpg,quercus_palustris
images/19797.jpg,quercus_cerris
images/19798.jpg,magnolia_virginiana
images/19799.jpg,carpinus_caroliniana
images/19800.jpg,pinus_taeda
images/19801.jpg,carpinus_caroliniana
images/19802.jpg,maclura_pomifera
images/19803.jpg,salix_babylonica
images/19804.jpg,magnolia_virginiana
images/19805.jpg,taxodium_distichum
images/19806.jpg,robinia_pseudo-acacia
images/19807.jpg,quercus_cerris
images/19808.jpg,maclura_pomifera
images/19809.jpg,magnolia_virginiana
images/19810.jpg,pinus_taeda
images/19811.jpg,catalpa_bignonioides
images/19812.jpg,prunus_pensylvanica
images/19813.jpg,prunus_sargentii
images/19814.jpg,prunus_sargentii
images/19815.jpg,prunus_sargentii
images/19816.jpg,carpinus_caroliniana
images/19817.jpg,picea_pungens
images/19818.jpg,albizia_julibrissin
images/19819.jpg,albizia_julibrissin
images/19820.jpg,acer_palmatum
images/19821.jpg,catalpa_bignonioides
images/19822.jpg,pinus_flexilis
images/19823.jpg,picea_pungens
images/19824.jpg,quercus_alba
images/19825.jpg,cryptomeria_japonica
images/19826.jpg,ulmus_americana
images/19827.jpg,crataegus_viridis
images/19828.jpg,albizia_julibrissin
images/19829.jpg,magnolia_virginiana
images/19830.jpg,maclura_pomifera
images/19831.jpg,oxydendrum_arboreum
images/19832.jpg,prunus_sargentii
images/19833.jpg,salix_matsudana
images/19834.jpg,salix_babylonica
images/19835.jpg,pinus_flexilis
images/19836.jpg,crataegus_viridis
images/19837.jpg,magnolia_virginiana
images/19838.jpg,acer_palmatum
images/19839.jpg,oxydendrum_arboreum
images/19840.jpg,carpinus_caroliniana
images/19841.jpg,carpinus_caroliniana
images/19842.jpg,picea_pungens
images/19843.jpg,prunus_sargentii
images/19844.jpg,maclura_pomifera
images/19845.jpg,quercus_cerris
images/19846.jpg,albizia_julibrissin
images/19847.jpg,quercus_acutissima
images/19848.jpg,juniperus_virginiana
images/19849.jpg,pinus_virginiana
images/19850.jpg,juglans_nigra
images/19851.jpg,carpinus_caroliniana
images/19852.jpg,maclura_pomifera
images/19853.jpg,cryptomeria_japonica
images/19854.jpg,magnolia_virginiana
images/19855.jpg,salix_babylonica
images/19856.jpg,pinus_taeda
images/19857.jpg,juglans_nigra
images/19858.jpg,magnolia_tripetala
images/19859.jpg,acer_palmatum
images/19860.jpg,fraxinus_nigra
images/19861.jpg,prunus_sargentii
images/19862.jpg,pinus_flexilis
images/19863.jpg,albizia_julibrissin
images/19864.jpg,picea_pungens
images/19865.jpg,stewartia_pseudocamellia
images/19866.jpg,fraxinus_nigra
images/19867.jpg,acer_palmatum
images/19868.jpg,populus_deltoides
images/19869.jpg,magnolia_virginiana
images/19870.jpg,quercus_alba
images/19871.jpg,carpinus_caroliniana
images/19872.jpg,maclura_pomifera
images/19873.jpg,magnolia_virginiana
images/19874.jpg,magnolia_virginiana
images/19875.jpg,albizia_julibrissin
images/19876.jpg,oxydendrum_arboreum
images/19877.jpg,quercus_palustris
images/19878.jpg,pinus_flexilis
images/19879.jpg,picea_pungens
images/19880.jpg,cryptomeria_japonica
images/19881.jpg,catalpa_bignonioides
images/19882.jpg,acer_palmatum
images/19883.jpg,magnolia_virginiana
images/19884.jpg,picea_pungens
images/19885.jpg,picea_pungens
images/19886.jpg,quercus_cerris
images/19887.jpg,albizia_julibrissin
images/19888.jpg,fraxinus_nigra
images/19889.jpg,carpinus_caroliniana
images/19890.jpg,albizia_julibrissin
images/19891.jpg,salix_babylonica
images/19892.jpg,salix_babylonica
images/19893.jpg,pinus_virginiana
images/19894.jpg,ulmus_rubra
images/19895.jpg,stewartia_pseudocamellia
images/19896.jpg,albizia_julibrissin
images/19897.jpg,crataegus_viridis
images/19898.jpg,stewartia_pseudocamellia
images/19899.jpg,fraxinus_nigra
images/19900.jpg,carpinus_caroliniana
images/19901.jpg,albizia_julibrissin
images/19902.jpg,acer_palmatum
images/19903.jpg,magnolia_grandiflora
images/19904.jpg,magnolia_virginiana
images/19905.jpg,picea_pungens
images/19906.jpg,prunus_sargentii
images/19907.jpg,prunus_sargentii
images/19908.jpg,acer_saccharinum
images/19909.jpg,prunus_sargentii
images/19910.jpg,carpinus_caroliniana
images/19911.jpg,maclura_pomifera
images/19912.jpg,crataegus_viridis
images/19913.jpg,salix_babylonica
images/19914.jpg,oxydendrum_arboreum
images/19915.jpg,albizia_julibrissin
images/19916.jpg,maclura_pomifera
images/19917.jpg,crataegus_laevigata
images/19918.jpg,pinus_flexilis
images/19919.jpg,salix_babylonica
images/19920.jpg,maclura_pomifera
images/19921.jpg,acer_palmatum
images/19922.jpg,crataegus_viridis
images/19923.jpg,picea_pungens
images/19924.jpg,crataegus_viridis
images/19925.jpg,salix_babylonica
images/19926.jpg,pinus_flexilis
images/19927.jpg,robinia_pseudo-acacia
images/19928.jpg,prunus_sargentii
images/19929.jpg,asimina_triloba
images/19930.jpg,oxydendrum_arboreum
images/19931.jpg,carpinus_caroliniana
images/19932.jpg,carya_cordiformis
images/19933.jpg,maclura_pomifera
images/19934.jpg,cryptomeria_japonica
images/19935.jpg,acer_ginnala
images/19936.jpg,diospyros_virginiana
images/19937.jpg,pinus_flexilis
images/19938.jpg,quercus_palustris
images/19939.jpg,acer_palmatum
images/19940.jpg,magnolia_virginiana
images/19941.jpg,crataegus_viridis
images/19942.jpg,pinus_flexilis
images/19943.jpg,crataegus_viridis
images/19944.jpg,prunus_sargentii
images/19945.jpg,broussonettia_papyrifera
images/19946.jpg,pinus_flexilis
images/19947.jpg,salix_babylonica
images/19948.jpg,albizia_julibrissin
images/19949.jpg,magnolia_virginiana
images/19950.jpg,maclura_pomifera
images/19951.jpg,magnolia_virginiana
images/19952.jpg,pinus_flexilis
images/19953.jpg,acer_palmatum
images/19954.jpg,catalpa_bignonioides
images/19955.jpg,maclura_pomifera
images/19956.jpg,carpinus_caroliniana
images/19957.jpg,oxydendrum_arboreum
images/19958.jpg,prunus_sargentii
images/19959.jpg,pinus_nigra
images/19960.jpg,picea_pungens
images/19961.jpg,carpinus_caroliniana
images/19962.jpg,pinus_flexilis
images/19963.jpg,acer_negundo
images/19964.jpg,pinus_flexilis
images/19965.jpg,cladrastis_lutea
images/19966.jpg,cryptomeria_japonica
images/19967.jpg,picea_pungens
images/19968.jpg,pinus_taeda
images/19969.jpg,albizia_julibrissin
images/19970.jpg,maclura_pomifera
images/19971.jpg,broussonettia_papyrifera
images/19972.jpg,fraxinus_nigra
images/19973.jpg,robinia_pseudo-acacia
images/19974.jpg,quercus_alba
images/19975.jpg,quercus_palustris
images/19976.jpg,cryptomeria_japonica
images/19977.jpg,salix_babylonica
images/19978.jpg,pinus_nigra
images/19979.jpg,ilex_opaca
images/19980.jpg,oxydendrum_arboreum
images/19981.jpg,picea_pungens
images/19982.jpg,magnolia_virginiana
images/19983.jpg,carpinus_caroliniana
images/19984.jpg,quercus_cerris
images/19985.jpg,pinus_virginiana
images/19986.jpg,albizia_julibrissin
images/19987.jpg,prunus_sargentii
images/19988.jpg,albizia_julibrissin
images/19989.jpg,carpinus_caroliniana
images/19990.jpg,pinus_flexilis
images/19991.jpg,acer_saccharinum
images/19992.jpg,taxodium_distichum
images/19993.jpg,cercis_canadensis
images/19994.jpg,albizia_julibrissin
images/19995.jpg,magnolia_virginiana
images/19996.jpg,picea_pungens
images/19997.jpg,salix_matsudana
images/19998.jpg,salix_babylonica
images/19999.jpg,albizia_julibrissin
images/20000.jpg,quercus_velutina
images/20001.jpg,quercus_montana
images/20002.jpg,maclura_pomifera
images/20003.jpg,pinus_flexilis
images/20004.jpg,crataegus_laevigata
images/20005.jpg,ulmus_rubra
images/20006.jpg,salix_babylonica
images/20007.jpg,acer_palmatum
images/20008.jpg,pinus_flexilis
images/20009.jpg,cryptomeria_japonica
images/20010.jpg,crataegus_viridis
images/20011.jpg,quercus_alba
images/20012.jpg,robinia_pseudo-acacia
images/20013.jpg,carpinus_caroliniana
images/20014.jpg,pinus_flexilis
images/20015.jpg,pinus_flexilis
images/20016.jpg,catalpa_bignonioides
images/20017.jpg,fraxinus_nigra
images/20018.jpg,magnolia_virginiana
images/20019.jpg,pinus_flexilis
images/20020.jpg,albizia_julibrissin
images/20021.jpg,albizia_julibrissin
images/20022.jpg,magnolia_tripetala
images/20023.jpg,pinus_flexilis
images/20024.jpg,carpinus_caroliniana
images/20025.jpg,acer_negundo
images/20026.jpg,quercus_cerris
images/20027.jpg,picea_pungens
images/20028.jpg,diospyros_virginiana
images/20029.jpg,quercus_cerris
images/20030.jpg,broussonettia_papyrifera
images/20031.jpg,magnolia_virginiana
images/20032.jpg,carpinus_caroliniana
images/20033.jpg,magnolia_virginiana
images/20034.jpg,acer_palmatum
images/20035.jpg,populus_deltoides
images/20036.jpg,albizia_julibrissin
images/20037.jpg,crataegus_viridis
images/20038.jpg,pinus_flexilis
images/20039.jpg,oxydendrum_arboreum
images/20040.jpg,carpinus_caroliniana
images/20041.jpg,maclura_pomifera
images/20042.jpg,cryptomeria_japonica
images/20043.jpg,ulmus_rubra
images/20044.jpg,quercus_alba
images/20045.jpg,maclura_pomifera
images/20046.jpg,maclura_pomifera
images/20047.jpg,ulmus_rubra
images/20048.jpg,picea_pungens
images/20049.jpg,magnolia_virginiana
images/20050.jpg,quercus_acutissima
images/20051.jpg,picea_pungens
images/20052.jpg,carpinus_caroliniana
images/20053.jpg,maclura_pomifera
images/20054.jpg,ilex_opaca
images/20055.jpg,albizia_julibrissin
images/20056.jpg,maclura_pomifera
images/20057.jpg,maclura_pomifera
images/20058.jpg,maclura_pomifera
images/20059.jpg,acer_palmatum
images/20060.jpg,salix_babylonica
images/20061.jpg,ilex_opaca
images/20062.jpg,crataegus_laevigata
images/20063.jpg,pinus_flexilis
images/20064.jpg,maclura_pomifera
images/20065.jpg,magnolia_virginiana
images/20066.jpg,prunus_sargentii
images/20067.jpg,salix_babylonica
images/20068.jpg,asimina_triloba
images/20069.jpg,magnolia_virginiana
images/20070.jpg,magnolia_virginiana
images/20071.jpg,quercus_palustris
images/20072.jpg,quercus_palustris
images/20073.jpg,quercus_cerris
images/20074.jpg,magnolia_virginiana
images/20075.jpg,pinus_flexilis
images/20076.jpg,maclura_pomifera
images/20077.jpg,cercis_canadensis
images/20078.jpg,magnolia_virginiana
images/20079.jpg,albizia_julibrissin
images/20080.jpg,maclura_pomifera
images/20081.jpg,pinus_flexilis
images/20082.jpg,ilex_opaca
images/20083.jpg,albizia_julibrissin
images/20084.jpg,carpinus_caroliniana
images/20085.jpg,cryptomeria_japonica
images/20086.jpg,magnolia_virginiana
images/20087.jpg,magnolia_virginiana
images/20088.jpg,quercus_alba
images/20089.jpg,pinus_flexilis
images/20090.jpg,magnolia_virginiana
images/20091.jpg,catalpa_bignonioides
images/20092.jpg,albizia_julibrissin
images/20093.jpg,quercus_alba
images/20094.jpg,carpinus_caroliniana
images/20095.jpg,magnolia_virginiana
images/20096.jpg,pinus_flexilis
images/20097.jpg,pinus_flexilis
images/20098.jpg,populus_deltoides
images/20099.jpg,stewartia_pseudocamellia
images/20100.jpg,fraxinus_nigra
images/20101.jpg,ulmus_rubra
images/20102.jpg,carpinus_caroliniana
images/20103.jpg,salix_babylonica
images/20104.jpg,pinus_virginiana
images/20105.jpg,magnolia_virginiana
images/20106.jpg,salix_babylonica
images/20107.jpg,albizia_julibrissin
images/20108.jpg,broussonettia_papyrifera
images/20109.jpg,acer_palmatum
images/20110.jpg,magnolia_virginiana
images/20111.jpg,maclura_pomifera
images/20112.jpg,crataegus_viridis
images/20113.jpg,magnolia_virginiana
images/20114.jpg,stewartia_pseudocamellia
images/20115.jpg,quercus_cerris
images/20116.jpg,pinus_flexilis
images/20117.jpg,crataegus_viridis
images/20118.jpg,fagus_grandifolia
images/20119.jpg,metasequoia_glyptostroboides
images/20120.jpg,picea_pungens
images/20121.jpg,cryptomeria_japonica
images/20122.jpg,magnolia_virginiana
images/20123.jpg,maclura_pomifera
images/20124.jpg,acer_negundo
images/20125.jpg,salix_matsudana
images/20126.jpg,maclura_pomifera
images/20127.jpg,magnolia_virginiana
images/20128.jpg,populus_deltoides
images/20129.jpg,albizia_julibrissin
images/20130.jpg,quercus_cerris
images/20131.jpg,carpinus_caroliniana
images/20132.jpg,magnolia_tripetala
images/20133.jpg,acer_palmatum
images/20134.jpg,salix_matsudana
images/20135.jpg,betula_nigra
images/20136.jpg,ilex_opaca
images/20137.jpg,ulmus_americana
images/20138.jpg,magnolia_virginiana
images/20139.jpg,quercus_cerris
images/20140.jpg,carpinus_caroliniana
images/20141.jpg,maclura_pomifera
images/20142.jpg,pinus_flexilis
images/20143.jpg,prunus_sargentii
images/20144.jpg,broussonettia_papyrifera
images/20145.jpg,quercus_cerris
images/20146.jpg,betula_nigra
images/20147.jpg,staphylea_trifolia
images/20148.jpg,carpinus_caroliniana
images/20149.jpg,crataegus_viridis
images/20150.jpg,salix_babylonica
images/20151.jpg,broussonettia_papyrifera
images/20152.jpg,magnolia_virginiana
images/20153.jpg,pinus_flexilis
images/20154.jpg,quercus_cerris
images/20155.jpg,albizia_julibrissin
images/20156.jpg,maclura_pomifera
images/20157.jpg,albizia_julibrissin
images/20158.jpg,magnolia_virginiana
images/20159.jpg,quercus_palustris
images/20160.jpg,pinus_flexilis
images/20161.jpg,magnolia_virginiana
images/20162.jpg,acer_negundo
images/20163.jpg,magnolia_virginiana
images/20164.jpg,maclura_pomifera
images/20165.jpg,pinus_flexilis
images/20166.jpg,juglans_nigra
images/20167.jpg,quercus_alba
images/20168.jpg,catalpa_bignonioides
images/20169.jpg,carpinus_caroliniana
images/20170.jpg,fraxinus_nigra
images/20171.jpg,pinus_taeda
images/20172.jpg,prunus_sargentii
images/20173.jpg,magnolia_virginiana
images/20174.jpg,magnolia_virginiana
images/20175.jpg,crataegus_viridis
images/20176.jpg,pinus_flexilis
images/20177.jpg,magnolia_virginiana
images/20178.jpg,carpinus_caroliniana
images/20179.jpg,populus_deltoides
images/20180.jpg,carpinus_caroliniana
images/20181.jpg,maclura_pomifera
images/20182.jpg,picea_pungens
images/20183.jpg,salix_babylonica
images/20184.jpg,ulmus_rubra
images/20185.jpg,fraxinus_nigra
images/20186.jpg,magnolia_virginiana
images/20187.jpg,carpinus_caroliniana
images/20188.jpg,carpinus_caroliniana
images/20189.jpg,carpinus_caroliniana
images/20190.jpg,quercus_muehlenbergii
images/20191.jpg,albizia_julibrissin
images/20192.jpg,pinus_flexilis
images/20193.jpg,pinus_virginiana
images/20194.jpg,maclura_pomifera
images/20195.jpg,cryptomeria_japonica
images/20196.jpg,crataegus_viridis
images/20197.jpg,picea_orientalis
images/20198.jpg,ailanthus_altissima
images/20199.jpg,pinus_virginiana
images/20200.jpg,acer_palmatum
images/20201.jpg,magnolia_virginiana
images/20202.jpg,catalpa_bignonioides
images/20203.jpg,cryptomeria_japonica
images/20204.jpg,acer_negundo
images/20205.jpg,magnolia_virginiana
images/20206.jpg,crataegus_viridis
images/20207.jpg,maclura_pomifera
images/20208.jpg,acer_negundo
images/20209.jpg,crataegus_viridis
images/20210.jpg,juniperus_virginiana
images/20211.jpg,maclura_pomifera
images/20212.jpg,ficus_carica
images/20213.jpg,acer_palmatum
images/20214.jpg,magnolia_virginiana
images/20215.jpg,pinus_flexilis
images/20216.jpg,oxydendrum_arboreum
images/20217.jpg,carpinus_caroliniana
images/20218.jpg,diospyros_virginiana
images/20219.jpg,salix_babylonica
images/20220.jpg,albizia_julibrissin
images/20221.jpg,carpinus_caroliniana
images/20222.jpg,pinus_flexilis
images/20223.jpg,carpinus_caroliniana
images/20224.jpg,crataegus_viridis
images/20225.jpg,juglans_nigra
images/20226.jpg,prunus_sargentii
images/20227.jpg,magnolia_virginiana
images/20228.jpg,albizia_julibrissin
images/20229.jpg,carpinus_caroliniana
images/20230.jpg,oxydendrum_arboreum
images/20231.jpg,albizia_julibrissin
images/20232.jpg,quercus_acutissima
images/20233.jpg,acer_palmatum
images/20234.jpg,quercus_cerris
images/20235.jpg,acer_palmatum
images/20236.jpg,magnolia_virginiana
images/20237.jpg,maclura_pomifera
images/20238.jpg,carpinus_caroliniana
images/20239.jpg,picea_pungens
images/20240.jpg,albizia_julibrissin
images/20241.jpg,crataegus_viridis
images/20242.jpg,maclura_pomifera
images/20243.jpg,picea_pungens
images/20244.jpg,ilex_opaca
images/20245.jpg,pinus_flexilis
images/20246.jpg,crataegus_viridis
images/20247.jpg,ulmus_rubra
images/20248.jpg,cryptomeria_japonica
images/20249.jpg,pinus_taeda
images/20250.jpg,carpinus_caroliniana
images/20251.jpg,prunus_sargentii
images/20252.jpg,picea_pungens
images/20253.jpg,carpinus_caroliniana
images/20254.jpg,pinus_flexilis
images/20255.jpg,picea_orientalis
images/20256.jpg,magnolia_virginiana
images/20257.jpg,maclura_pomifera
images/20258.jpg,populus_deltoides
images/20259.jpg,quercus_cerris
images/20260.jpg,picea_pungens
images/20261.jpg,albizia_julibrissin
images/20262.jpg,albizia_julibrissin
images/20263.jpg,oxydendrum_arboreum
images/20264.jpg,quercus_cerris
images/20265.jpg,acer_palmatum
images/20266.jpg,quercus_palustris
images/20267.jpg,ilex_opaca
images/20268.jpg,picea_orientalis
images/20269.jpg,fraxinus_nigra
images/20270.jpg,oxydendrum_arboreum
images/20271.jpg,acer_palmatum
images/20272.jpg,magnolia_virginiana
images/20273.jpg,prunus_sargentii
images/20274.jpg,maclura_pomifera
images/20275.jpg,broussonettia_papyrifera
images/20276.jpg,carpinus_caroliniana
images/20277.jpg,magnolia_virginiana
images/20278.jpg,quercus_cerris
images/20279.jpg,quercus_cerris
images/20280.jpg,magnolia_virginiana
images/20281.jpg,prunus_sargentii
images/20282.jpg,magnolia_virginiana
images/20283.jpg,picea_pungens
images/20284.jpg,salix_matsudana
images/20285.jpg,staphylea_trifolia
images/20286.jpg,acer_palmatum
images/20287.jpg,cryptomeria_japonica
images/20288.jpg,magnolia_virginiana
images/20289.jpg,maclura_pomifera
images/20290.jpg,maclura_pomifera
images/20291.jpg,pinus_flexilis
images/20292.jpg,quercus_velutina
images/20293.jpg,magnolia_virginiana
images/20294.jpg,salix_babylonica
images/20295.jpg,pinus_flexilis
images/20296.jpg,picea_pungens
images/20297.jpg,fraxinus_nigra
images/20298.jpg,catalpa_bignonioides
images/20299.jpg,quercus_palustris
images/20300.jpg,acer_palmatum
images/20301.jpg,salix_babylonica
images/20302.jpg,cladrastis_lutea
images/20303.jpg,quercus_palustris
images/20304.jpg,quercus_montana
images/20305.jpg,juniperus_virginiana
images/20306.jpg,catalpa_bignonioides
images/20307.jpg,magnolia_virginiana
images/20308.jpg,prunus_pensylvanica
images/20309.jpg,magnolia_virginiana
images/20310.jpg,quercus_alba
images/20311.jpg,carpinus_caroliniana
images/20312.jpg,ulmus_rubra
images/20313.jpg,carpinus_caroliniana
images/20314.jpg,pinus_virginiana
images/20315.jpg,magnolia_grandiflora
images/20316.jpg,robinia_pseudo-acacia
images/20317.jpg,carpinus_caroliniana
images/20318.jpg,pinus_flexilis
images/20319.jpg,metasequoia_glyptostroboides
images/20320.jpg,oxydendrum_arboreum
images/20321.jpg,ptelea_trifoliata
images/20322.jpg,magnolia_virginiana
images/20323.jpg,quercus_palustris
images/20324.jpg,broussonettia_papyrifera
images/20325.jpg,populus_deltoides
images/20326.jpg,quercus_muehlenbergii
images/20327.jpg,ulmus_rubra
images/20328.jpg,tilia_cordata
images/20329.jpg,pinus_virginiana
images/20330.jpg,cryptomeria_japonica
images/20331.jpg,picea_pungens
images/20332.jpg,quercus_cerris
images/20333.jpg,picea_pungens
images/20334.jpg,juglans_nigra
images/20335.jpg,quercus_cerris
images/20336.jpg,ilex_opaca
images/20337.jpg,magnolia_virginiana
images/20338.jpg,ailanthus_altissima
images/20339.jpg,quercus_muehlenbergii
images/20340.jpg,albizia_julibrissin
images/20341.jpg,crataegus_viridis
images/20342.jpg,crataegus_viridis
images/20343.jpg,albizia_julibrissin
images/20344.jpg,acer_negundo
images/20345.jpg,cryptomeria_japonica
images/20346.jpg,populus_deltoides
images/20347.jpg,prunus_sargentii
images/20348.jpg,pinus_flexilis
images/20349.jpg,magnolia_virginiana
images/20350.jpg,maclura_pomifera
images/20351.jpg,staphylea_trifolia
images/20352.jpg,magnolia_virginiana
images/20353.jpg,maclura_pomifera
images/20354.jpg,magnolia_virginiana
images/20355.jpg,ilex_opaca
images/20356.jpg,picea_pungens
images/20357.jpg,carpinus_caroliniana
images/20358.jpg,magnolia_virginiana
images/20359.jpg,prunus_sargentii
images/20360.jpg,betula_nigra
images/20361.jpg,salix_matsudana
images/20362.jpg,albizia_julibrissin
images/20363.jpg,diospyros_virginiana
images/20364.jpg,picea_pungens
images/20365.jpg,albizia_julibrissin
images/20366.jpg,magnolia_virginiana
images/20367.jpg,ulmus_rubra
images/20368.jpg,magnolia_grandiflora
images/20369.jpg,albizia_julibrissin
images/20370.jpg,pinus_flexilis
images/20371.jpg,cryptomeria_japonica
images/20372.jpg,ilex_opaca
images/20373.jpg,magnolia_virginiana
images/20374.jpg,diospyros_virginiana
images/20375.jpg,quercus_cerris
images/20376.jpg,carpinus_caroliniana
images/20377.jpg,fraxinus_nigra
images/20378.jpg,carpinus_caroliniana
images/20379.jpg,cercis_canadensis
images/20380.jpg,maclura_pomifera
images/20381.jpg,magnolia_virginiana
images/20382.jpg,quercus_palustris
images/20383.jpg,carpinus_caroliniana
images/20384.jpg,acer_negundo
images/20385.jpg,crataegus_viridis
images/20386.jpg,ulmus_rubra
images/20387.jpg,cryptomeria_japonica
images/20388.jpg,asimina_triloba
images/20389.jpg,quercus_alba
images/20390.jpg,diospyros_virginiana
images/20391.jpg,oxydendrum_arboreum
images/20392.jpg,maclura_pomifera
images/20393.jpg,magnolia_tripetala
images/20394.jpg,pinus_flexilis
images/20395.jpg,prunus_sargentii
images/20396.jpg,magnolia_virginiana
images/20397.jpg,magnolia_tripetala
images/20398.jpg,crataegus_viridis
images/20399.jpg,ilex_opaca
images/20400.jpg,crataegus_viridis
images/20401.jpg,quercus_cerris
images/20402.jpg,magnolia_virginiana
images/20403.jpg,carpinus_caroliniana
images/20404.jpg,crataegus_viridis
images/20405.jpg,magnolia_virginiana
images/20406.jpg,carpinus_caroliniana
images/20407.jpg,maclura_pomifera
images/20408.jpg,carpinus_caroliniana
images/20409.jpg,picea_pungens
images/20410.jpg,albizia_julibrissin
images/20411.jpg,crataegus_viridis
images/20412.jpg,prunus_sargentii
images/20413.jpg,maclura_pomifera
images/20414.jpg,broussonettia_papyrifera
images/20415.jpg,maclura_pomifera
images/20416.jpg,picea_pungens
images/20417.jpg,prunus_sargentii
images/20418.jpg,oxydendrum_arboreum
images/20419.jpg,albizia_julibrissin
images/20420.jpg,salix_matsudana
images/20421.jpg,magnolia_virginiana
images/20422.jpg,quercus_palustris
images/20423.jpg,albizia_julibrissin
images/20424.jpg,prunus_sargentii
images/20425.jpg,metasequoia_glyptostroboides
images/20426.jpg,cryptomeria_japonica
images/20427.jpg,carpinus_caroliniana
images/20428.jpg,picea_pungens
images/20429.jpg,magnolia_virginiana
images/20430.jpg,betula_nigra
images/20431.jpg,maclura_pomifera
images/20432.jpg,pinus_flexilis
images/20433.jpg,magnolia_virginiana
images/20434.jpg,cryptomeria_japonica
images/20435.jpg,albizia_julibrissin
images/20436.jpg,populus_deltoides
images/20437.jpg,carpinus_caroliniana
images/20438.jpg,ilex_opaca
images/20439.jpg,quercus_muehlenbergii
images/20440.jpg,magnolia_virginiana
images/20441.jpg,ulmus_rubra
images/20442.jpg,maclura_pomifera
images/20443.jpg,quercus_palustris
images/20444.jpg,quercus_palustris
images/20445.jpg,ailanthus_altissima
images/20446.jpg,pinus_nigra
images/20447.jpg,acer_palmatum
images/20448.jpg,magnolia_virginiana
images/20449.jpg,carpinus_caroliniana
images/20450.jpg,magnolia_virginiana
images/20451.jpg,pinus_virginiana
images/20452.jpg,picea_orientalis
images/20453.jpg,magnolia_virginiana
images/20454.jpg,carpinus_caroliniana
images/20455.jpg,salix_matsudana
images/20456.jpg,carpinus_caroliniana
images/20457.jpg,magnolia_virginiana
images/20458.jpg,magnolia_virginiana
images/20459.jpg,crataegus_viridis
images/20460.jpg,albizia_julibrissin
images/20461.jpg,pinus_flexilis
images/20462.jpg,prunus_sargentii
images/20463.jpg,broussonettia_papyrifera
images/20464.jpg,pinus_nigra
images/20465.jpg,prunus_sargentii
images/20466.jpg,albizia_julibrissin
images/20467.jpg,acer_saccharum
images/20468.jpg,oxydendrum_arboreum
images/20469.jpg,quercus_cerris
images/20470.jpg,acer_palmatum
images/20471.jpg,picea_pungens
images/20472.jpg,oxydendrum_arboreum
images/20473.jpg,acer_palmatum
images/20474.jpg,oxydendrum_arboreum
images/20475.jpg,robinia_pseudo-acacia
images/20476.jpg,albizia_julibrissin
images/20477.jpg,carpinus_caroliniana
images/20478.jpg,oxydendrum_arboreum
images/20479.jpg,carpinus_caroliniana
images/20480.jpg,magnolia_virginiana
images/20481.jpg,pinus_flexilis
images/20482.jpg,carpinus_caroliniana
images/20483.jpg,cryptomeria_japonica
images/20484.jpg,magnolia_virginiana
images/20485.jpg,picea_pungens
images/20486.jpg,carpinus_caroliniana
images/20487.jpg,maclura_pomifera
images/20488.jpg,albizia_julibrissin
images/20489.jpg,maclura_pomifera
images/20490.jpg,acer_negundo
images/20491.jpg,ilex_opaca
images/20492.jpg,quercus_cerris
images/20493.jpg,pinus_flexilis
images/20494.jpg,magnolia_tripetala
images/20495.jpg,acer_ginnala
images/20496.jpg,prunus_sargentii
images/20497.jpg,oxydendrum_arboreum
images/20498.jpg,fraxinus_nigra
images/20499.jpg,maclura_pomifera
images/20500.jpg,pinus_flexilis
images/20501.jpg,oxydendrum_arboreum
images/20502.jpg,salix_babylonica
images/20503.jpg,betula_nigra
images/20504.jpg,picea_pungens
images/20505.jpg,oxydendrum_arboreum
images/20506.jpg,albizia_julibrissin
images/20507.jpg,maclura_pomifera
images/20508.jpg,pinus_flexilis
images/20509.jpg,maclura_pomifera
images/20510.jpg,acer_palmatum
images/20511.jpg,carpinus_caroliniana
images/20512.jpg,catalpa_bignonioides
images/20513.jpg,salix_babylonica
images/20514.jpg,juniperus_virginiana
images/20515.jpg,magnolia_virginiana
images/20516.jpg,pinus_taeda
images/20517.jpg,magnolia_virginiana
images/20518.jpg,acer_negundo
images/20519.jpg,pinus_flexilis
images/20520.jpg,magnolia_virginiana
images/20521.jpg,quercus_palustris
images/20522.jpg,crataegus_viridis
images/20523.jpg,crataegus_viridis
images/20524.jpg,acer_negundo
images/20525.jpg,quercus_palustris
images/20526.jpg,cryptomeria_japonica
images/20527.jpg,acer_palmatum
images/20528.jpg,acer_palmatum
images/20529.jpg,crataegus_laevigata
images/20530.jpg,pinus_flexilis
images/20531.jpg,fraxinus_nigra
images/20532.jpg,quercus_muehlenbergii
images/20533.jpg,robinia_pseudo-acacia
images/20534.jpg,magnolia_virginiana
images/20535.jpg,quercus_palustris
images/20536.jpg,diospyros_virginiana
images/20537.jpg,maclura_pomifera
images/20538.jpg,diospyros_virginiana
images/20539.jpg,pinus_flexilis
images/20540.jpg,magnolia_virginiana
images/20541.jpg,pinus_flexilis
images/20542.jpg,quercus_cerris
images/20543.jpg,pinus_taeda
images/20544.jpg,picea_pungens
images/20545.jpg,magnolia_virginiana
images/20546.jpg,oxydendrum_arboreum
images/20547.jpg,pinus_nigra
images/20548.jpg,fraxinus_nigra
images/20549.jpg,quercus_alba
images/20550.jpg,maclura_pomifera
images/20551.jpg,robinia_pseudo-acacia
images/20552.jpg,salix_babylonica
images/20553.jpg,acer_palmatum
images/20554.jpg,quercus_palustris
images/20555.jpg,magnolia_virginiana
images/20556.jpg,fraxinus_nigra
images/20557.jpg,quercus_palustris
images/20558.jpg,stewartia_pseudocamellia
images/20559.jpg,quercus_virginiana
images/20560.jpg,carpinus_caroliniana
images/20561.jpg,pinus_flexilis
images/20562.jpg,quercus_palustris
images/20563.jpg,quercus_muehlenbergii
images/20564.jpg,picea_pungens
images/20565.jpg,pinus_flexilis
images/20566.jpg,pinus_flexilis
images/20567.jpg,magnolia_virginiana
images/20568.jpg,salix_babylonica
images/20569.jpg,carpinus_caroliniana
images/20570.jpg,cryptomeria_japonica
images/20571.jpg,populus_deltoides
images/20572.jpg,ulmus_rubra
images/20573.jpg,fraxinus_nigra
images/20574.jpg,ulmus_rubra
images/20575.jpg,quercus_muehlenbergii
images/20576.jpg,pinus_cembra
images/20577.jpg,maclura_pomifera
images/20578.jpg,magnolia_virginiana
images/20579.jpg,albizia_julibrissin
images/20580.jpg,pinus_flexilis
images/20581.jpg,oxydendrum_arboreum
images/20582.jpg,pinus_peucea
images/20583.jpg,quercus_acutissima
images/20584.jpg,magnolia_virginiana
images/20585.jpg,ailanthus_altissima
images/20586.jpg,quercus_palustris
images/20587.jpg,acer_negundo
images/20588.jpg,salix_babylonica
images/20589.jpg,quercus_acutissima
images/20590.jpg,cryptomeria_japonica
images/20591.jpg,staphylea_trifolia
images/20592.jpg,pinus_flexilis
images/20593.jpg,ptelea_trifoliata
images/20594.jpg,pinus_flexilis
images/20595.jpg,crataegus_viridis
images/20596.jpg,maclura_pomifera
images/20597.jpg,pinus_flexilis
images/20598.jpg,acer_negundo
images/20599.jpg,magnolia_virginiana
images/20600.jpg,acer_saccharinum
images/20601.jpg,pinus_flexilis
images/20602.jpg,quercus_palustris
images/20603.jpg,maclura_pomifera
images/20604.jpg,populus_deltoides
images/20605.jpg,ilex_opaca
images/20606.jpg,magnolia_grandiflora
images/20607.jpg,prunus_sargentii
images/20608.jpg,maclura_pomifera
images/20609.jpg,pinus_flexilis
images/20610.jpg,ulmus_rubra
images/20611.jpg,broussonettia_papyrifera
images/20612.jpg,picea_pungens
images/20613.jpg,catalpa_bignonioides
images/20614.jpg,acer_palmatum
images/20615.jpg,carpinus_caroliniana
images/20616.jpg,magnolia_virginiana
images/20617.jpg,magnolia_virginiana
images/20618.jpg,pinus_sylvestris
images/20619.jpg,oxydendrum_arboreum
images/20620.jpg,quercus_cerris
images/20621.jpg,magnolia_virginiana
images/20622.jpg,crataegus_viridis
images/20623.jpg,crataegus_viridis
images/20624.jpg,carpinus_caroliniana
images/20625.jpg,acer_palmatum
images/20626.jpg,quercus_palustris
images/20627.jpg,crataegus_viridis
images/20628.jpg,quercus_palustris
images/20629.jpg,pinus_flexilis
images/20630.jpg,crataegus_laevigata
images/20631.jpg,maclura_pomifera
images/20632.jpg,pinus_flexilis
images/20633.jpg,magnolia_virginiana
images/20634.jpg,magnolia_virginiana
images/20635.jpg,ulmus_rubra
images/20636.jpg,quercus_cerris
images/20637.jpg,pinus_flexilis
images/20638.jpg,carpinus_caroliniana
images/20639.jpg,albizia_julibrissin
images/20640.jpg,robinia_pseudo-acacia
images/20641.jpg,acer_saccharinum
images/20642.jpg,maclura_pomifera
images/20643.jpg,pinus_flexilis
images/20644.jpg,ulmus_rubra
images/20645.jpg,acer_palmatum
images/20646.jpg,maclura_pomifera
images/20647.jpg,quercus_palustris
images/20648.jpg,magnolia_virginiana
images/20649.jpg,magnolia_virginiana
images/20650.jpg,cryptomeria_japonica
images/20651.jpg,pinus_sylvestris
images/20652.jpg,carpinus_caroliniana
images/20653.jpg,pinus_flexilis
images/20654.jpg,quercus_cerris
images/20655.jpg,carpinus_caroliniana
images/20656.jpg,diospyros_virginiana
images/20657.jpg,fraxinus_nigra
images/20658.jpg,albizia_julibrissin
images/20659.jpg,albizia_julibrissin
images/20660.jpg,quercus_cerris
images/20661.jpg,magnolia_virginiana
images/20662.jpg,quercus_cerris
images/20663.jpg,albizia_julibrissin
images/20664.jpg,betula_nigra
images/20665.jpg,magnolia_virginiana
images/20666.jpg,cercis_canadensis
images/20667.jpg,carya_cordiformis
images/20668.jpg,quercus_palustris
images/20669.jpg,albizia_julibrissin
images/20670.jpg,acer_saccharinum
images/20671.jpg,fraxinus_nigra
images/20672.jpg,albizia_julibrissin
images/20673.jpg,magnolia_virginiana
images/20674.jpg,ulmus_rubra
images/20675.jpg,broussonettia_papyrifera
images/20676.jpg,quercus_palustris
images/20677.jpg,acer_negundo
images/20678.jpg,quercus_muehlenbergii
images/20679.jpg,quercus_cerris
images/20680.jpg,crataegus_viridis
images/20681.jpg,crataegus_viridis
images/20682.jpg,robinia_pseudo-acacia
images/20683.jpg,magnolia_virginiana
images/20684.jpg,maclura_pomifera
images/20685.jpg,ulmus_rubra
images/20686.jpg,fraxinus_nigra
images/20687.jpg,magnolia_virginiana
images/20688.jpg,acer_palmatum
images/20689.jpg,maclura_pomifera
images/20690.jpg,crataegus_viridis
images/20691.jpg,populus_deltoides
images/20692.jpg,carpinus_caroliniana
images/20693.jpg,albizia_julibrissin
images/20694.jpg,quercus_cerris
images/20695.jpg,taxodium_distichum
images/20696.jpg,carpinus_caroliniana
images/20697.jpg,cercis_canadensis
images/20698.jpg,salix_babylonica
images/20699.jpg,betula_nigra
images/20700.jpg,ulmus_rubra
images/20701.jpg,fraxinus_nigra
images/20702.jpg,magnolia_virginiana
images/20703.jpg,carpinus_caroliniana
images/20704.jpg,pinus_virginiana
images/20705.jpg,diospyros_virginiana
images/20706.jpg,magnolia_virginiana
images/20707.jpg,oxydendrum_arboreum
images/20708.jpg,magnolia_virginiana
images/20709.jpg,salix_babylonica
images/20710.jpg,quercus_palustris
images/20711.jpg,crataegus_viridis
images/20712.jpg,albizia_julibrissin
images/20713.jpg,salix_babylonica
images/20714.jpg,robinia_pseudo-acacia
images/20715.jpg,magnolia_virginiana
images/20716.jpg,salix_babylonica
images/20717.jpg,robinia_pseudo-acacia
images/20718.jpg,pinus_flexilis
images/20719.jpg,quercus_palustris
images/20720.jpg,pinus_cembra
images/20721.jpg,pinus_cembra
images/20722.jpg,robinia_pseudo-acacia
images/20723.jpg,acer_palmatum
images/20724.jpg,albizia_julibrissin
images/20725.jpg,pinus_flexilis
images/20726.jpg,magnolia_virginiana
images/20727.jpg,salix_babylonica
images/20728.jpg,fraxinus_nigra
images/20729.jpg,oxydendrum_arboreum
images/20730.jpg,fraxinus_nigra
images/20731.jpg,picea_pungens
images/20732.jpg,quercus_palustris
images/20733.jpg,magnolia_virginiana
images/20734.jpg,magnolia_virginiana
images/20735.jpg,magnolia_virginiana
images/20736.jpg,diospyros_virginiana
images/20737.jpg,ilex_opaca
images/20738.jpg,prunus_sargentii
images/20739.jpg,quercus_cerris
images/20740.jpg,pinus_flexilis
images/20741.jpg,picea_pungens
images/20742.jpg,broussonettia_papyrifera
images/20743.jpg,asimina_triloba
images/20744.jpg,acer_palmatum
images/20745.jpg,albizia_julibrissin
images/20746.jpg,quercus_muehlenbergii
images/20747.jpg,magnolia_virginiana
images/20748.jpg,magnolia_virginiana
images/20749.jpg,cladrastis_lutea
images/20750.jpg,carpinus_caroliniana
images/20751.jpg,magnolia_virginiana
images/20752.jpg,acer_palmatum
images/20753.jpg,broussonettia_papyrifera
images/20754.jpg,pinus_virginiana
images/20755.jpg,cladrastis_lutea
images/20756.jpg,acer_negundo
images/20757.jpg,acer_palmatum
images/20758.jpg,maclura_pomifera
images/20759.jpg,broussonettia_papyrifera
images/20760.jpg,ulmus_rubra
images/20761.jpg,magnolia_virginiana
images/20762.jpg,albizia_julibrissin
images/20763.jpg,quercus_palustris
images/20764.jpg,quercus_cerris
images/20765.jpg,magnolia_virginiana
images/20766.jpg,crataegus_viridis
images/20767.jpg,cryptomeria_japonica
images/20768.jpg,crataegus_viridis
images/20769.jpg,carpinus_caroliniana
images/20770.jpg,acer_negundo
images/20771.jpg,maclura_pomifera
images/20772.jpg,albizia_julibrissin
images/20773.jpg,albizia_julibrissin
images/20774.jpg,prunus_sargentii
images/20775.jpg,albizia_julibrissin
images/20776.jpg,pinus_taeda
images/20777.jpg,populus_deltoides
images/20778.jpg,carpinus_caroliniana
images/20779.jpg,carpinus_caroliniana
images/20780.jpg,carpinus_caroliniana
images/20781.jpg,picea_orientalis
images/20782.jpg,maclura_pomifera
images/20783.jpg,carpinus_caroliniana
images/20784.jpg,acer_palmatum
images/20785.jpg,pinus_flexilis
images/20786.jpg,maclura_pomifera
images/20787.jpg,acer_palmatum
images/20788.jpg,magnolia_virginiana
images/20789.jpg,carpinus_caroliniana
images/20790.jpg,carpinus_caroliniana
images/20791.jpg,acer_palmatum
images/20792.jpg,picea_pungens
images/20793.jpg,acer_palmatum
images/20794.jpg,pinus_flexilis
images/20795.jpg,maclura_pomifera
images/20796.jpg,pinus_flexilis
images/20797.jpg,carpinus_caroliniana
images/20798.jpg,quercus_palustris
images/20799.jpg,magnolia_virginiana
images/20800.jpg,acer_palmatum
images/20801.jpg,magnolia_virginiana
images/20802.jpg,pinus_flexilis
images/20803.jpg,ilex_opaca
images/20804.jpg,carpinus_caroliniana
images/20805.jpg,salix_babylonica
images/20806.jpg,pinus_flexilis
images/20807.jpg,acer_palmatum
images/20808.jpg,oxydendrum_arboreum
images/20809.jpg,juglans_nigra
images/20810.jpg,cryptomeria_japonica
images/20811.jpg,salix_babylonica
images/20812.jpg,crataegus_viridis
images/20813.jpg,maclura_pomifera
images/20814.jpg,picea_pungens
images/20815.jpg,albizia_julibrissin
images/20816.jpg,oxydendrum_arboreum
images/20817.jpg,quercus_alba
images/20818.jpg,crataegus_viridis
images/20819.jpg,carpinus_caroliniana
images/20820.jpg,oxydendrum_arboreum
images/20821.jpg,crataegus_viridis
images/20822.jpg,crataegus_laevigata
images/20823.jpg,magnolia_virginiana
images/20824.jpg,pinus_flexilis
images/20825.jpg,acer_negundo
images/20826.jpg,acer_palmatum
images/20827.jpg,maclura_pomifera
images/20828.jpg,albizia_julibrissin
images/20829.jpg,crataegus_laevigata
images/20830.jpg,magnolia_virginiana
images/20831.jpg,albizia_julibrissin
images/20832.jpg,albizia_julibrissin
images/20833.jpg,magnolia_virginiana
images/20834.jpg,quercus_cerris
images/20835.jpg,pinus_virginiana
images/20836.jpg,magnolia_grandiflora
images/20837.jpg,acer_palmatum
images/20838.jpg,magnolia_virginiana
images/20839.jpg,acer_negundo
images/20840.jpg,diospyros_virginiana
images/20841.jpg,quercus_alba
images/20842.jpg,pinus_flexilis
images/20843.jpg,carpinus_caroliniana
images/20844.jpg,quercus_alba
images/20845.jpg,maclura_pomifera
images/20846.jpg,oxydendrum_arboreum
images/20847.jpg,diospyros_virginiana
images/20848.jpg,salix_babylonica
images/20849.jpg,salix_babylonica
images/20850.jpg,quercus_muehlenbergii
images/20851.jpg,maclura_pomifera
images/20852.jpg,carpinus_caroliniana
images/20853.jpg,oxydendrum_arboreum
images/20854.jpg,quercus_muehlenbergii
images/20855.jpg,maclura_pomifera
images/20856.jpg,quercus_palustris
images/20857.jpg,magnolia_virginiana
images/20858.jpg,broussonettia_papyrifera
images/20859.jpg,maclura_pomifera
images/20860.jpg,picea_pungens
images/20861.jpg,magnolia_tripetala
images/20862.jpg,prunus_sargentii
images/20863.jpg,acer_palmatum
images/20864.jpg,carpinus_caroliniana
images/20865.jpg,catalpa_bignonioides
images/20866.jpg,acer_palmatum
images/20867.jpg,crataegus_viridis
images/20868.jpg,albizia_julibrissin
images/20869.jpg,quercus_palustris
images/20870.jpg,acer_palmatum
images/20871.jpg,acer_negundo
images/20872.jpg,magnolia_virginiana
images/20873.jpg,pinus_flexilis
images/20874.jpg,pinus_flexilis
images/20875.jpg,ulmus_rubra
images/20876.jpg,magnolia_acuminata
images/20877.jpg,albizia_julibrissin
images/20878.jpg,maclura_pomifera
images/20879.jpg,ulmus_rubra
images/20880.jpg,maclura_pomifera
images/20881.jpg,broussonettia_papyrifera
images/20882.jpg,albizia_julibrissin
images/20883.jpg,prunus_sargentii
images/20884.jpg,carpinus_caroliniana
images/20885.jpg,picea_pungens
images/20886.jpg,salix_babylonica
images/20887.jpg,carpinus_caroliniana
images/20888.jpg,acer_palmatum
images/20889.jpg,prunus_sargentii
images/20890.jpg,maclura_pomifera
images/20891.jpg,albizia_julibrissin
images/20892.jpg,albizia_julibrissin
images/20893.jpg,fraxinus_nigra
images/20894.jpg,salix_babylonica
images/20895.jpg,cryptomeria_japonica
images/20896.jpg,albizia_julibrissin
images/20897.jpg,quercus_palustris
images/20898.jpg,quercus_cerris
images/20899.jpg,pinus_cembra
images/20900.jpg,oxydendrum_arboreum
images/20901.jpg,prunus_sargentii
images/20902.jpg,albizia_julibrissin
images/20903.jpg,pinus_flexilis
images/20904.jpg,magnolia_virginiana
images/20905.jpg,maclura_pomifera
images/20906.jpg,betula_nigra
images/20907.jpg,quercus_muehlenbergii
images/20908.jpg,salix_babylonica
images/20909.jpg,crataegus_viridis
images/20910.jpg,prunus_sargentii
images/20911.jpg,picea_pungens
images/20912.jpg,magnolia_virginiana
images/20913.jpg,crataegus_viridis
images/20914.jpg,pinus_virginiana
images/20915.jpg,acer_palmatum
images/20916.jpg,diospyros_virginiana
images/20917.jpg,oxydendrum_arboreum
images/20918.jpg,albizia_julibrissin
images/20919.jpg,cryptomeria_japonica
images/20920.jpg,pinus_virginiana
images/20921.jpg,robinia_pseudo-acacia
images/20922.jpg,quercus_palustris
images/20923.jpg,albizia_julibrissin
images/20924.jpg,picea_pungens
images/20925.jpg,carya_cordiformis
images/20926.jpg,quercus_palustris
images/20927.jpg,salix_babylonica
images/20928.jpg,ilex_opaca
images/20929.jpg,magnolia_virginiana
images/20930.jpg,diospyros_virginiana
images/20931.jpg,oxydendrum_arboreum
images/20932.jpg,magnolia_virginiana
images/20933.jpg,magnolia_virginiana
images/20934.jpg,albizia_julibrissin
images/20935.jpg,oxydendrum_arboreum
images/20936.jpg,pinus_flexilis
images/20937.jpg,maclura_pomifera
images/20938.jpg,picea_pungens
images/20939.jpg,picea_pungens
images/20940.jpg,acer_ginnala
images/20941.jpg,pinus_flexilis
images/20942.jpg,pinus_taeda
images/20943.jpg,acer_palmatum
images/20944.jpg,ailanthus_altissima
images/20945.jpg,crataegus_viridis
images/20946.jpg,salix_matsudana
images/20947.jpg,maclura_pomifera
images/20948.jpg,maclura_pomifera
images/20949.jpg,prunus_sargentii
images/20950.jpg,catalpa_bignonioides
images/20951.jpg,prunus_sargentii
images/20952.jpg,maclura_pomifera
images/20953.jpg,picea_orientalis
images/20954.jpg,pinus_flexilis
images/20955.jpg,maclura_pomifera
images/20956.jpg,carpinus_caroliniana
images/20957.jpg,albizia_julibrissin
images/20958.jpg,taxodium_distichum
images/20959.jpg,albizia_julibrissin
images/20960.jpg,albizia_julibrissin
images/20961.jpg,acer_palmatum
images/20962.jpg,oxydendrum_arboreum
images/20963.jpg,quercus_cerris
images/20964.jpg,pseudolarix_amabilis
images/20965.jpg,carpinus_caroliniana
images/20966.jpg,magnolia_virginiana
images/20967.jpg,catalpa_bignonioides
images/20968.jpg,carpinus_caroliniana
images/20969.jpg,robinia_pseudo-acacia
images/20970.jpg,quercus_muehlenbergii
images/20971.jpg,acer_palmatum
images/20972.jpg,acer_palmatum
images/20973.jpg,fraxinus_nigra
images/20974.jpg,ailanthus_altissima
images/20975.jpg,albizia_julibrissin
images/20976.jpg,pinus_taeda
images/20977.jpg,ilex_opaca
images/20978.jpg,pinus_flexilis
images/20979.jpg,magnolia_tripetala
images/20980.jpg,magnolia_tripetala
images/20981.jpg,salix_babylonica
images/20982.jpg,ailanthus_altissima
images/20983.jpg,crataegus_viridis
images/20984.jpg,catalpa_bignonioides
images/20985.jpg,cryptomeria_japonica
images/20986.jpg,pinus_flexilis
images/20987.jpg,diospyros_virginiana
images/20988.jpg,pinus_peucea
images/20989.jpg,magnolia_virginiana
images/20990.jpg,magnolia_virginiana
images/20991.jpg,acer_palmatum
images/20992.jpg,maclura_pomifera
images/20993.jpg,pinus_flexilis
images/20994.jpg,acer_negundo
images/20995.jpg,albizia_julibrissin
images/20996.jpg,carpinus_caroliniana
images/20997.jpg,ulmus_rubra
images/20998.jpg,albizia_julibrissin
images/20999.jpg,crataegus_viridis
images/21000.jpg,oxydendrum_arboreum
images/21001.jpg,picea_orientalis
images/21002.jpg,magnolia_virginiana
images/21003.jpg,crataegus_viridis
images/21004.jpg,pinus_flexilis
images/21005.jpg,prunus_sargentii
images/21006.jpg,cryptomeria_japonica
images/21007.jpg,salix_babylonica
images/21008.jpg,quercus_palustris
images/21009.jpg,maclura_pomifera
images/21010.jpg,quercus_palustris
images/21011.jpg,pinus_sylvestris
images/21012.jpg,magnolia_virginiana
images/21013.jpg,pinus_cembra
images/21014.jpg,albizia_julibrissin
images/21015.jpg,quercus_palustris
images/21016.jpg,fraxinus_nigra
images/21017.jpg,catalpa_bignonioides
images/21018.jpg,acer_palmatum
images/21019.jpg,carpinus_caroliniana
images/21020.jpg,picea_pungens
images/21021.jpg,maclura_pomifera
images/21022.jpg,pinus_flexilis
images/21023.jpg,cryptomeria_japonica
images/21024.jpg,acer_palmatum
images/21025.jpg,quercus_alba
images/21026.jpg,betula_nigra
images/21027.jpg,acer_palmatum
images/21028.jpg,ulmus_rubra
images/21029.jpg,magnolia_tripetala
images/21030.jpg,albizia_julibrissin
images/21031.jpg,quercus_cerris
images/21032.jpg,quercus_palustris
images/21033.jpg,carya_cordiformis
images/21034.jpg,carya_cordiformis
images/21035.jpg,magnolia_virginiana
images/21036.jpg,broussonettia_papyrifera
images/21037.jpg,prunus_sargentii
images/21038.jpg,quercus_cerris
images/21039.jpg,pinus_cembra
images/21040.jpg,oxydendrum_arboreum
images/21041.jpg,prunus_sargentii
images/21042.jpg,picea_pungens
images/21043.jpg,pinus_flexilis
images/21044.jpg,magnolia_virginiana
images/21045.jpg,acer_palmatum
images/21046.jpg,magnolia_grandiflora
images/21047.jpg,ailanthus_altissima
images/21048.jpg,stewartia_pseudocamellia
images/21049.jpg,maclura_pomifera
images/21050.jpg,quercus_cerris
images/21051.jpg,quercus_cerris
images/21052.jpg,albizia_julibrissin
images/21053.jpg,magnolia_virginiana
images/21054.jpg,pinus_flexilis
images/21055.jpg,ailanthus_altissima
images/21056.jpg,magnolia_virginiana
images/21057.jpg,picea_pungens
images/21058.jpg,albizia_julibrissin
images/21059.jpg,juglans_nigra
images/21060.jpg,carpinus_caroliniana
images/21061.jpg,magnolia_virginiana
images/21062.jpg,pinus_nigra
images/21063.jpg,carpinus_caroliniana
images/21064.jpg,magnolia_virginiana
images/21065.jpg,pinus_flexilis
images/21066.jpg,magnolia_virginiana
images/21067.jpg,magnolia_tripetala
images/21068.jpg,magnolia_virginiana
images/21069.jpg,prunus_sargentii
images/21070.jpg,carpinus_caroliniana
images/21071.jpg,fraxinus_nigra
images/21072.jpg,albizia_julibrissin
images/21073.jpg,picea_pungens
images/21074.jpg,picea_pungens
images/21075.jpg,cryptomeria_japonica
images/21076.jpg,quercus_palustris
images/21077.jpg,quercus_cerris
images/21078.jpg,broussonettia_papyrifera
images/21079.jpg,ilex_opaca
images/21080.jpg,carya_cordiformis
images/21081.jpg,oxydendrum_arboreum
images/21082.jpg,quercus_cerris
images/21083.jpg,diospyros_virginiana
images/21084.jpg,quercus_palustris
images/21085.jpg,pinus_flexilis
images/21086.jpg,staphylea_trifolia
images/21087.jpg,carya_cordiformis
images/21088.jpg,magnolia_virginiana
images/21089.jpg,taxodium_distichum
images/21090.jpg,ailanthus_altissima
images/21091.jpg,ulmus_rubra
images/21092.jpg,oxydendrum_arboreum
images/21093.jpg,pinus_flexilis
images/21094.jpg,albizia_julibrissin
images/21095.jpg,pinus_nigra
images/21096.jpg,quercus_cerris
images/21097.jpg,crataegus_laevigata
images/21098.jpg,metasequoia_glyptostroboides
images/21099.jpg,salix_babylonica
images/21100.jpg,carpinus_caroliniana
images/21101.jpg,quercus_cerris
images/21102.jpg,picea_pungens
images/21103.jpg,metasequoia_glyptostroboides
images/21104.jpg,acer_palmatum
images/21105.jpg,prunus_sargentii
images/21106.jpg,magnolia_virginiana
images/21107.jpg,maclura_pomifera
images/21108.jpg,robinia_pseudo-acacia
images/21109.jpg,quercus_palustris
images/21110.jpg,picea_pungens
images/21111.jpg,cryptomeria_japonica
images/21112.jpg,acer_palmatum
images/21113.jpg,juglans_nigra
images/21114.jpg,carpinus_caroliniana
images/21115.jpg,ilex_opaca
images/21116.jpg,albizia_julibrissin
images/21117.jpg,magnolia_virginiana
images/21118.jpg,acer_palmatum
images/21119.jpg,magnolia_virginiana
images/21120.jpg,albizia_julibrissin
images/21121.jpg,quercus_cerris
images/21122.jpg,broussonettia_papyrifera
images/21123.jpg,acer_palmatum
images/21124.jpg,maclura_pomifera
images/21125.jpg,fraxinus_nigra
images/21126.jpg,pinus_sylvestris
images/21127.jpg,ulmus_rubra
images/21128.jpg,quercus_cerris
images/21129.jpg,salix_matsudana
images/21130.jpg,diospyros_virginiana
images/21131.jpg,populus_deltoides
images/21132.jpg,magnolia_virginiana
images/21133.jpg,picea_pungens
images/21134.jpg,magnolia_virginiana
images/21135.jpg,oxydendrum_arboreum
images/21136.jpg,magnolia_tripetala
images/21137.jpg,albizia_julibrissin
images/21138.jpg,maclura_pomifera
images/21139.jpg,albizia_julibrissin
images/21140.jpg,magnolia_tripetala
images/21141.jpg,quercus_montana
images/21142.jpg,ailanthus_altissima
images/21143.jpg,ulmus_rubra
images/21144.jpg,magnolia_virginiana
images/21145.jpg,carpinus_caroliniana
images/21146.jpg,prunus_sargentii
images/21147.jpg,albizia_julibrissin
images/21148.jpg,maclura_pomifera
images/21149.jpg,carpinus_caroliniana
images/21150.jpg,oxydendrum_arboreum
images/21151.jpg,magnolia_virginiana
images/21152.jpg,salix_babylonica
images/21153.jpg,quercus_alba
images/21154.jpg,crataegus_laevigata
images/21155.jpg,diospyros_virginiana
images/21156.jpg,quercus_palustris
images/21157.jpg,populus_deltoides
images/21158.jpg,oxydendrum_arboreum
images/21159.jpg,pinus_flexilis
images/21160.jpg,carya_cordiformis
images/21161.jpg,acer_palmatum
images/21162.jpg,magnolia_virginiana
images/21163.jpg,quercus_palustris
images/21164.jpg,cryptomeria_japonica
images/21165.jpg,maclura_pomifera
images/21166.jpg,pseudolarix_amabilis
images/21167.jpg,picea_pungens
images/21168.jpg,carpinus_caroliniana
images/21169.jpg,maclura_pomifera
images/21170.jpg,crataegus_viridis
images/21171.jpg,acer_palmatum
images/21172.jpg,picea_pungens
images/21173.jpg,acer_palmatum
images/21174.jpg,crataegus_viridis
images/21175.jpg,magnolia_tripetala
images/21176.jpg,maclura_pomifera
images/21177.jpg,pinus_flexilis
images/21178.jpg,pinus_flexilis
images/21179.jpg,oxydendrum_arboreum
images/21180.jpg,maclura_pomifera
images/21181.jpg,magnolia_virginiana
images/21182.jpg,carpinus_caroliniana
images/21183.jpg,albizia_julibrissin
images/21184.jpg,carpinus_caroliniana
images/21185.jpg,magnolia_virginiana
images/21186.jpg,acer_palmatum
images/21187.jpg,fraxinus_nigra
images/21188.jpg,quercus_cerris
images/21189.jpg,magnolia_virginiana
images/21190.jpg,pinus_nigra
images/21191.jpg,robinia_pseudo-acacia
images/21192.jpg,ilex_opaca
images/21193.jpg,ulmus_rubra
images/21194.jpg,oxydendrum_arboreum
images/21195.jpg,magnolia_virginiana
images/21196.jpg,ailanthus_altissima
images/21197.jpg,broussonettia_papyrifera
images/21198.jpg,magnolia_virginiana
images/21199.jpg,albizia_julibrissin
images/21200.jpg,acer_palmatum
images/21201.jpg,prunus_sargentii
images/21202.jpg,magnolia_tripetala
images/21203.jpg,quercus_cerris
images/21204.jpg,quercus_cerris
images/21205.jpg,fraxinus_nigra
images/21206.jpg,fraxinus_nigra
images/21207.jpg,magnolia_virginiana
images/21208.jpg,acer_negundo
images/21209.jpg,quercus_alba
images/21210.jpg,carya_ovata
images/21211.jpg,quercus_cerris
images/21212.jpg,salix_babylonica
images/21213.jpg,quercus_cerris
images/21214.jpg,robinia_pseudo-acacia
images/21215.jpg,oxydendrum_arboreum
images/21216.jpg,salix_matsudana
images/21217.jpg,crataegus_laevigata
images/21218.jpg,ulmus_rubra
images/21219.jpg,fraxinus_nigra
images/21220.jpg,salix_babylonica
images/21221.jpg,magnolia_virginiana
images/21222.jpg,diospyros_virginiana
images/21223.jpg,juniperus_virginiana
images/21224.jpg,staphylea_trifolia
images/21225.jpg,magnolia_virginiana
images/21226.jpg,quercus_cerris
images/21227.jpg,magnolia_virginiana
images/21228.jpg,magnolia_virginiana
images/21229.jpg,quercus_alba
images/21230.jpg,quercus_muehlenbergii
images/21231.jpg,carpinus_caroliniana
images/21232.jpg,salix_matsudana
images/21233.jpg,oxydendrum_arboreum
images/21234.jpg,acer_palmatum
images/21235.jpg,robinia_pseudo-acacia
images/21236.jpg,magnolia_virginiana
images/21237.jpg,picea_orientalis
images/21238.jpg,metasequoia_glyptostroboides
images/21239.jpg,magnolia_virginiana
images/21240.jpg,maclura_pomifera
images/21241.jpg,crataegus_laevigata
images/21242.jpg,magnolia_tripetala
images/21243.jpg,albizia_julibrissin
images/21244.jpg,carpinus_caroliniana
images/21245.jpg,picea_pungens
images/21246.jpg,maclura_pomifera
images/21247.jpg,maclura_pomifera
images/21248.jpg,ulmus_rubra
images/21249.jpg,quercus_alba
images/21250.jpg,pinus_virginiana
images/21251.jpg,ulmus_rubra
images/21252.jpg,albizia_julibrissin
images/21253.jpg,quercus_palustris
images/21254.jpg,populus_deltoides
images/21255.jpg,magnolia_virginiana
images/21256.jpg,pinus_flexilis
images/21257.jpg,oxydendrum_arboreum
images/21258.jpg,fraxinus_nigra
images/21259.jpg,quercus_cerris
images/21260.jpg,oxydendrum_arboreum
images/21261.jpg,acer_saccharinum
images/21262.jpg,maclura_pomifera
images/21263.jpg,quercus_cerris
images/21264.jpg,pinus_cembra
images/21265.jpg,ulmus_rubra
images/21266.jpg,carpinus_caroliniana
images/21267.jpg,albizia_julibrissin
images/21268.jpg,salix_babylonica
images/21269.jpg,magnolia_virginiana
images/21270.jpg,pinus_flexilis
images/21271.jpg,magnolia_acuminata
images/21272.jpg,picea_orientalis
images/21273.jpg,magnolia_virginiana
images/21274.jpg,fraxinus_nigra
images/21275.jpg,magnolia_tripetala
images/21276.jpg,picea_pungens
images/21277.jpg,magnolia_virginiana
images/21278.jpg,albizia_julibrissin
images/21279.jpg,acer_palmatum
images/21280.jpg,salix_babylonica
images/21281.jpg,magnolia_virginiana
images/21282.jpg,crataegus_viridis
images/21283.jpg,asimina_triloba
images/21284.jpg,quercus_cerris
images/21285.jpg,carpinus_caroliniana
images/21286.jpg,magnolia_virginiana
images/21287.jpg,quercus_alba
images/21288.jpg,acer_saccharinum
images/21289.jpg,quercus_alba
images/21290.jpg,ilex_opaca
images/21291.jpg,maclura_pomifera
images/21292.jpg,oxydendrum_arboreum
images/21293.jpg,oxydendrum_arboreum
images/21294.jpg,albizia_julibrissin
images/21295.jpg,crataegus_viridis
images/21296.jpg,albizia_julibrissin
images/21297.jpg,carpinus_caroliniana
images/21298.jpg,carpinus_caroliniana
images/21299.jpg,magnolia_acuminata
images/21300.jpg,fraxinus_nigra
images/21301.jpg,magnolia_virginiana
images/21302.jpg,oxydendrum_arboreum
images/21303.jpg,prunus_virginiana
images/21304.jpg,quercus_muehlenbergii
images/21305.jpg,pinus_taeda
images/21306.jpg,acer_negundo
images/21307.jpg,fraxinus_nigra
images/21308.jpg,picea_pungens
images/21309.jpg,carpinus_caroliniana
images/21310.jpg,maclura_pomifera
images/21311.jpg,maclura_pomifera
images/21312.jpg,oxydendrum_arboreum
images/21313.jpg,prunus_sargentii
images/21314.jpg,quercus_cerris
images/21315.jpg,magnolia_virginiana
images/21316.jpg,quercus_palustris
images/21317.jpg,broussonettia_papyrifera
images/21318.jpg,maclura_pomifera
images/21319.jpg,pinus_flexilis
images/21320.jpg,quercus_cerris
images/21321.jpg,picea_orientalis
images/21322.jpg,acer_negundo
images/21323.jpg,pinus_flexilis
images/21324.jpg,picea_pungens
images/21325.jpg,pinus_flexilis
images/21326.jpg,acer_palmatum
images/21327.jpg,magnolia_virginiana
images/21328.jpg,magnolia_virginiana
images/21329.jpg,picea_pungens
images/21330.jpg,ulmus_rubra
images/21331.jpg,acer_palmatum
images/21332.jpg,quercus_cerris
images/21333.jpg,carpinus_caroliniana
images/21334.jpg,quercus_alba
images/21335.jpg,pinus_flexilis
images/21336.jpg,carpinus_caroliniana
images/21337.jpg,picea_pungens
images/21338.jpg,oxydendrum_arboreum
images/21339.jpg,salix_babylonica
images/21340.jpg,maclura_pomifera
images/21341.jpg,ulmus_rubra
images/21342.jpg,cryptomeria_japonica
images/21343.jpg,oxydendrum_arboreum
images/21344.jpg,acer_negundo
images/21345.jpg,quercus_cerris
images/21346.jpg,albizia_julibrissin
images/21347.jpg,picea_orientalis
images/21348.jpg,cercis_canadensis
images/21349.jpg,crataegus_viridis
images/21350.jpg,carpinus_caroliniana
images/21351.jpg,magnolia_virginiana
images/21352.jpg,ulmus_rubra
images/21353.jpg,ilex_opaca
images/21354.jpg,quercus_cerris
images/21355.jpg,maclura_pomifera
images/21356.jpg,acer_palmatum
images/21357.jpg,crataegus_viridis
images/21358.jpg,cercis_canadensis
images/21359.jpg,carpinus_caroliniana
images/21360.jpg,acer_palmatum
images/21361.jpg,ailanthus_altissima
images/21362.jpg,betula_nigra
images/21363.jpg,carpinus_caroliniana
images/21364.jpg,diospyros_virginiana
images/21365.jpg,picea_orientalis
images/21366.jpg,cryptomeria_japonica
images/21367.jpg,pinus_flexilis
images/21368.jpg,albizia_julibrissin
images/21369.jpg,betula_nigra
images/21370.jpg,broussonettia_papyrifera
images/21371.jpg,crataegus_viridis
images/21372.jpg,maclura_pomifera
images/21373.jpg,oxydendrum_arboreum
images/21374.jpg,broussonettia_papyrifera
images/21375.jpg,pinus_cembra
images/21376.jpg,pinus_flexilis
images/21377.jpg,magnolia_virginiana
images/21378.jpg,acer_ginnala
images/21379.jpg,salix_babylonica
images/21380.jpg,catalpa_bignonioides
images/21381.jpg,carya_cordiformis
images/21382.jpg,prunus_sargentii
images/21383.jpg,albizia_julibrissin
images/21384.jpg,magnolia_virginiana
images/21385.jpg,diospyros_virginiana
images/21386.jpg,picea_pungens
images/21387.jpg,carpinus_caroliniana
images/21388.jpg,crataegus_viridis
images/21389.jpg,carpinus_caroliniana
images/21390.jpg,carpinus_caroliniana
images/21391.jpg,magnolia_virginiana
images/21392.jpg,magnolia_virginiana
images/21393.jpg,magnolia_virginiana
images/21394.jpg,picea_pungens
images/21395.jpg,maclura_pomifera
images/21396.jpg,crataegus_viridis
images/21397.jpg,pinus_flexilis
images/21398.jpg,albizia_julibrissin
images/21399.jpg,taxodium_distichum
images/21400.jpg,fraxinus_nigra
images/21401.jpg,acer_negundo
images/21402.jpg,magnolia_virginiana
images/21403.jpg,catalpa_bignonioides
images/21404.jpg,oxydendrum_arboreum
images/21405.jpg,fraxinus_nigra
images/21406.jpg,prunus_sargentii
images/21407.jpg,magnolia_virginiana
images/21408.jpg,acer_palmatum
images/21409.jpg,magnolia_virginiana
images/21410.jpg,ilex_opaca
images/21411.jpg,pinus_flexilis
images/21412.jpg,magnolia_virginiana
images/21413.jpg,pinus_flexilis
images/21414.jpg,pinus_flexilis
images/21415.jpg,metasequoia_glyptostroboides
images/21416.jpg,ulmus_rubra
images/21417.jpg,oxydendrum_arboreum
images/21418.jpg,juniperus_virginiana
images/21419.jpg,magnolia_virginiana
images/21420.jpg,magnolia_virginiana
images/21421.jpg,robinia_pseudo-acacia
images/21422.jpg,quercus_cerris
images/21423.jpg,cryptomeria_japonica
images/21424.jpg,acer_negundo
images/21425.jpg,ulmus_rubra
images/21426.jpg,crataegus_viridis
images/21427.jpg,carya_cordiformis
images/21428.jpg,magnolia_virginiana
images/21429.jpg,albizia_julibrissin
images/21430.jpg,acer_negundo
images/21431.jpg,picea_pungens
images/21432.jpg,fraxinus_nigra
images/21433.jpg,ulmus_rubra
images/21434.jpg,quercus_alba
images/21435.jpg,acer_palmatum
images/21436.jpg,acer_palmatum
images/21437.jpg,crataegus_viridis
images/21438.jpg,populus_deltoides
images/21439.jpg,albizia_julibrissin
images/21440.jpg,salix_babylonica
images/21441.jpg,pinus_flexilis
images/21442.jpg,acer_negundo
images/21443.jpg,albizia_julibrissin
images/21444.jpg,betula_nigra
images/21445.jpg,carpinus_caroliniana
images/21446.jpg,acer_palmatum
images/21447.jpg,acer_palmatum
images/21448.jpg,pinus_cembra
images/21449.jpg,magnolia_virginiana
images/21450.jpg,maclura_pomifera
images/21451.jpg,salix_matsudana
images/21452.jpg,juglans_nigra
images/21453.jpg,oxydendrum_arboreum
images/21454.jpg,prunus_sargentii
images/21455.jpg,carpinus_caroliniana
images/21456.jpg,magnolia_virginiana
images/21457.jpg,crataegus_viridis
images/21458.jpg,carpinus_caroliniana
images/21459.jpg,maclura_pomifera
images/21460.jpg,ulmus_rubra
images/21461.jpg,quercus_alba
images/21462.jpg,oxydendrum_arboreum
images/21463.jpg,magnolia_virginiana
images/21464.jpg,ulmus_rubra
images/21465.jpg,quercus_cerris
images/21466.jpg,quercus_palustris
images/21467.jpg,carpinus_caroliniana
images/21468.jpg,quercus_palustris
images/21469.jpg,pinus_flexilis
images/21470.jpg,magnolia_virginiana
images/21471.jpg,cryptomeria_japonica
images/21472.jpg,albizia_julibrissin
images/21473.jpg,prunus_sargentii
images/21474.jpg,maclura_pomifera
images/21475.jpg,salix_babylonica
images/21476.jpg,broussonettia_papyrifera
images/21477.jpg,maclura_pomifera
images/21478.jpg,salix_babylonica
images/21479.jpg,magnolia_virginiana
images/21480.jpg,broussonettia_papyrifera
images/21481.jpg,maclura_pomifera
images/21482.jpg,diospyros_virginiana
images/21483.jpg,acer_palmatum
images/21484.jpg,salix_babylonica
images/21485.jpg,pinus_virginiana
images/21486.jpg,quercus_palustris
images/21487.jpg,cryptomeria_japonica
images/21488.jpg,magnolia_virginiana
images/21489.jpg,albizia_julibrissin
images/21490.jpg,quercus_muehlenbergii
images/21491.jpg,carpinus_caroliniana
images/21492.jpg,salix_babylonica
images/21493.jpg,albizia_julibrissin
images/21494.jpg,ailanthus_altissima
images/21495.jpg,maclura_pomifera
images/21496.jpg,magnolia_virginiana
images/21497.jpg,ilex_opaca
images/21498.jpg,quercus_muehlenbergii
images/21499.jpg,carpinus_caroliniana
images/21500.jpg,pinus_flexilis
images/21501.jpg,pinus_flexilis
images/21502.jpg,maclura_pomifera
images/21503.jpg,salix_babylonica
images/21504.jpg,carpinus_caroliniana
images/21505.jpg,magnolia_virginiana
images/21506.jpg,picea_orientalis
images/21507.jpg,oxydendrum_arboreum
images/21508.jpg,quercus_palustris
images/21509.jpg,broussonettia_papyrifera
images/21510.jpg,maclura_pomifera
images/21511.jpg,crataegus_viridis
images/21512.jpg,diospyros_virginiana
images/21513.jpg,albizia_julibrissin
images/21514.jpg,magnolia_virginiana
images/21515.jpg,maclura_pomifera
images/21516.jpg,robinia_pseudo-acacia
images/21517.jpg,albizia_julibrissin
images/21518.jpg,acer_negundo
images/21519.jpg,prunus_sargentii
images/21520.jpg,maclura_pomifera
images/21521.jpg,salix_babylonica
images/21522.jpg,magnolia_virginiana
images/21523.jpg,ptelea_trifoliata
images/21524.jpg,pinus_flexilis
images/21525.jpg,magnolia_virginiana
images/21526.jpg,pinus_flexilis
images/21527.jpg,taxodium_distichum
images/21528.jpg,acer_palmatum
images/21529.jpg,quercus_palustris
images/21530.jpg,juglans_nigra
images/21531.jpg,pinus_flexilis
images/21532.jpg,magnolia_virginiana
images/21533.jpg,magnolia_virginiana
images/21534.jpg,picea_pungens
images/21535.jpg,staphylea_trifolia
images/21536.jpg,diospyros_virginiana
images/21537.jpg,magnolia_tripetala
images/21538.jpg,carpinus_caroliniana
images/21539.jpg,magnolia_virginiana
images/21540.jpg,magnolia_virginiana
images/21541.jpg,magnolia_virginiana
images/21542.jpg,pinus_virginiana
images/21543.jpg,maclura_pomifera
images/21544.jpg,acer_negundo
images/21545.jpg,catalpa_bignonioides
images/21546.jpg,pinus_flexilis
images/21547.jpg,juglans_nigra
images/21548.jpg,catalpa_bignonioides
images/21549.jpg,oxydendrum_arboreum
images/21550.jpg,quercus_alba
images/21551.jpg,acer_palmatum
images/21552.jpg,albizia_julibrissin
images/21553.jpg,pinus_sylvestris
images/21554.jpg,pinus_cembra
images/21555.jpg,pinus_flexilis
images/21556.jpg,carpinus_caroliniana
images/21557.jpg,picea_orientalis
images/21558.jpg,maclura_pomifera
images/21559.jpg,magnolia_virginiana
images/21560.jpg,salix_matsudana
images/21561.jpg,albizia_julibrissin
images/21562.jpg,taxodium_distichum
images/21563.jpg,populus_deltoides
images/21564.jpg,magnolia_virginiana
images/21565.jpg,oxydendrum_arboreum
images/21566.jpg,picea_pungens
images/21567.jpg,broussonettia_papyrifera
images/21568.jpg,quercus_palustris
images/21569.jpg,crataegus_viridis
images/21570.jpg,stewartia_pseudocamellia
images/21571.jpg,pinus_flexilis
images/21572.jpg,salix_babylonica
images/21573.jpg,quercus_cerris
images/21574.jpg,quercus_cerris
images/21575.jpg,maclura_pomifera
images/21576.jpg,quercus_palustris
images/21577.jpg,picea_pungens
images/21578.jpg,prunus_sargentii
images/21579.jpg,pinus_flexilis
images/21580.jpg,albizia_julibrissin
images/21581.jpg,betula_nigra
images/21582.jpg,magnolia_virginiana
images/21583.jpg,pseudolarix_amabilis
images/21584.jpg,pinus_flexilis
images/21585.jpg,pinus_flexilis
images/21586.jpg,carpinus_caroliniana
images/21587.jpg,acer_palmatum
images/21588.jpg,quercus_palustris
images/21589.jpg,picea_pungens
images/21590.jpg,magnolia_virginiana
images/21591.jpg,quercus_cerris
images/21592.jpg,cryptomeria_japonica
images/21593.jpg,quercus_palustris
images/21594.jpg,prunus_sargentii
images/21595.jpg,magnolia_virginiana
images/21596.jpg,robinia_pseudo-acacia
images/21597.jpg,pinus_flexilis
images/21598.jpg,carpinus_caroliniana
images/21599.jpg,oxydendrum_arboreum
images/21600.jpg,metasequoia_glyptostroboides
images/21601.jpg,maclura_pomifera
images/21602.jpg,magnolia_virginiana
images/21603.jpg,carpinus_caroliniana
images/21604.jpg,picea_pungens
images/21605.jpg,ilex_opaca
images/21606.jpg,diospyros_virginiana
images/21607.jpg,broussonettia_papyrifera
images/21608.jpg,cryptomeria_japonica
images/21609.jpg,broussonettia_papyrifera
images/21610.jpg,quercus_alba
images/21611.jpg,ilex_opaca
images/21612.jpg,betula_nigra
images/21613.jpg,carpinus_caroliniana
images/21614.jpg,pinus_taeda
images/21615.jpg,maclura_pomifera
images/21616.jpg,pinus_taeda
images/21617.jpg,acer_negundo
images/21618.jpg,albizia_julibrissin
images/21619.jpg,albizia_julibrissin
images/21620.jpg,maclura_pomifera
images/21621.jpg,pinus_flexilis
images/21622.jpg,cryptomeria_japonica
images/21623.jpg,cryptomeria_japonica
images/21624.jpg,stewartia_pseudocamellia
images/21625.jpg,maclura_pomifera
images/21626.jpg,ulmus_rubra
images/21627.jpg,cryptomeria_japonica
images/21628.jpg,crataegus_viridis
images/21629.jpg,magnolia_virginiana
images/21630.jpg,albizia_julibrissin
images/21631.jpg,broussonettia_papyrifera
images/21632.jpg,pinus_flexilis
images/21633.jpg,prunus_sargentii
images/21634.jpg,ulmus_rubra
images/21635.jpg,cryptomeria_japonica
images/21636.jpg,magnolia_virginiana
images/21637.jpg,pinus_sylvestris
images/21638.jpg,quercus_montana
images/21639.jpg,maclura_pomifera
images/21640.jpg,ulmus_americana
images/21641.jpg,acer_palmatum
images/21642.jpg,picea_orientalis
images/21643.jpg,magnolia_virginiana
images/21644.jpg,diospyros_virginiana
images/21645.jpg,quercus_palustris
images/21646.jpg,acer_palmatum
images/21647.jpg,pinus_taeda
images/21648.jpg,maclura_pomifera
images/21649.jpg,cryptomeria_japonica
images/21650.jpg,carpinus_caroliniana
images/21651.jpg,magnolia_virginiana
images/21652.jpg,broussonettia_papyrifera
images/21653.jpg,magnolia_virginiana
images/21654.jpg,acer_palmatum
images/21655.jpg,picea_pungens
images/21656.jpg,carya_cordiformis
images/21657.jpg,prunus_sargentii
images/21658.jpg,magnolia_virginiana
images/21659.jpg,picea_pungens
images/21660.jpg,picea_pungens
images/21661.jpg,magnolia_virginiana
images/21662.jpg,pinus_flexilis
images/21663.jpg,albizia_julibrissin
images/21664.jpg,acer_palmatum
images/21665.jpg,fraxinus_nigra
images/21666.jpg,oxydendrum_arboreum
images/21667.jpg,broussonettia_papyrifera
images/21668.jpg,pseudolarix_amabilis
images/21669.jpg,quercus_palustris
images/21670.jpg,acer_palmatum
images/21671.jpg,salix_babylonica
images/21672.jpg,pinus_virginiana
images/21673.jpg,magnolia_virginiana
images/21674.jpg,crataegus_viridis
images/21675.jpg,prunus_sargentii
images/21676.jpg,acer_palmatum
images/21677.jpg,pinus_peucea
images/21678.jpg,acer_palmatum
images/21679.jpg,acer_palmatum
images/21680.jpg,magnolia_virginiana
images/21681.jpg,pinus_flexilis
images/21682.jpg,oxydendrum_arboreum
images/21683.jpg,fraxinus_nigra
images/21684.jpg,magnolia_virginiana
images/21685.jpg,robinia_pseudo-acacia
images/21686.jpg,pinus_flexilis
images/21687.jpg,crataegus_laevigata
images/21688.jpg,salix_matsudana
images/21689.jpg,picea_pungens
images/21690.jpg,taxodium_distichum
images/21691.jpg,carpinus_caroliniana
images/21692.jpg,ilex_opaca
images/21693.jpg,carya_cordiformis
images/21694.jpg,maclura_pomifera
images/21695.jpg,pinus_flexilis
images/21696.jpg,acer_negundo
images/21697.jpg,magnolia_virginiana
images/21698.jpg,magnolia_virginiana
images/21699.jpg,carpinus_caroliniana
images/21700.jpg,picea_pungens
images/21701.jpg,ailanthus_altissima
images/21702.jpg,magnolia_virginiana
images/21703.jpg,maclura_pomifera
images/21704.jpg,pinus_flexilis
images/21705.jpg,fraxinus_nigra
images/21706.jpg,maclura_pomifera
images/21707.jpg,prunus_sargentii
images/21708.jpg,acer_saccharum
images/21709.jpg,carpinus_caroliniana
images/21710.jpg,carpinus_caroliniana
images/21711.jpg,pinus_flexilis
images/21712.jpg,broussonettia_papyrifera
images/21713.jpg,picea_pungens
images/21714.jpg,magnolia_virginiana
images/21715.jpg,prunus_sargentii
images/21716.jpg,magnolia_grandiflora
images/21717.jpg,ulmus_rubra
images/21718.jpg,acer_negundo
images/21719.jpg,magnolia_virginiana
images/21720.jpg,salix_babylonica
images/21721.jpg,albizia_julibrissin
images/21722.jpg,quercus_cerris
images/21723.jpg,carpinus_caroliniana
images/21724.jpg,prunus_sargentii
images/21725.jpg,picea_pungens
images/21726.jpg,quercus_cerris
images/21727.jpg,pinus_flexilis
images/21728.jpg,pinus_flexilis
images/21729.jpg,ulmus_rubra
images/21730.jpg,pinus_flexilis
images/21731.jpg,pinus_flexilis
images/21732.jpg,salix_babylonica
images/21733.jpg,carpinus_caroliniana
images/21734.jpg,crataegus_viridis
images/21735.jpg,quercus_cerris
images/21736.jpg,carpinus_caroliniana
images/21737.jpg,acer_palmatum
images/21738.jpg,magnolia_virginiana
images/21739.jpg,diospyros_virginiana
images/21740.jpg,cryptomeria_japonica
images/21741.jpg,quercus_palustris
images/21742.jpg,quercus_muehlenbergii
images/21743.jpg,pinus_flexilis
images/21744.jpg,acer_palmatum
images/21745.jpg,fraxinus_nigra
images/21746.jpg,carpinus_caroliniana
images/21747.jpg,broussonettia_papyrifera
images/21748.jpg,maclura_pomifera
images/21749.jpg,fraxinus_nigra
images/21750.jpg,catalpa_bignonioides
images/21751.jpg,pinus_flexilis
images/21752.jpg,ulmus_rubra
images/21753.jpg,crataegus_viridis
images/21754.jpg,picea_pungens
images/21755.jpg,crataegus_viridis
images/21756.jpg,prunus_sargentii
images/21757.jpg,quercus_cerris
images/21758.jpg,acer_palmatum
images/21759.jpg,carpinus_caroliniana
images/21760.jpg,quercus_cerris
images/21761.jpg,magnolia_virginiana
images/21762.jpg,magnolia_virginiana
images/21763.jpg,oxydendrum_arboreum
images/21764.jpg,picea_pungens
images/21765.jpg,fraxinus_nigra
images/21766.jpg,crataegus_viridis
images/21767.jpg,ilex_opaca
images/21768.jpg,fraxinus_nigra
images/21769.jpg,crataegus_viridis
images/21770.jpg,ilex_opaca
images/21771.jpg,acer_palmatum
images/21772.jpg,oxydendrum_arboreum
images/21773.jpg,picea_pungens
images/21774.jpg,maclura_pomifera
images/21775.jpg,ilex_opaca
images/21776.jpg,magnolia_virginiana
images/21777.jpg,fraxinus_nigra
images/21778.jpg,cryptomeria_japonica
images/21779.jpg,acer_palmatum
images/21780.jpg,ptelea_trifoliata
images/21781.jpg,maclura_pomifera
images/21782.jpg,robinia_pseudo-acacia
images/21783.jpg,pinus_cembra
images/21784.jpg,cryptomeria_japonica
images/21785.jpg,robinia_pseudo-acacia
images/21786.jpg,carpinus_caroliniana
images/21787.jpg,cryptomeria_japonica
images/21788.jpg,picea_pungens
images/21789.jpg,acer_palmatum
images/21790.jpg,pinus_flexilis
images/21791.jpg,oxydendrum_arboreum
images/21792.jpg,quercus_cerris
images/21793.jpg,oxydendrum_arboreum
images/21794.jpg,acer_negundo
images/21795.jpg,ulmus_americana
images/21796.jpg,ilex_opaca
images/21797.jpg,salix_matsudana
images/21798.jpg,taxodium_distichum
images/21799.jpg,magnolia_virginiana
images/21800.jpg,acer_palmatum
images/21801.jpg,picea_pungens
images/21802.jpg,maclura_pomifera
images/21803.jpg,magnolia_tripetala
images/21804.jpg,acer_palmatum
images/21805.jpg,maclura_pomifera
images/21806.jpg,oxydendrum_arboreum
images/21807.jpg,pinus_flexilis
images/21808.jpg,acer_negundo
images/21809.jpg,carpinus_caroliniana
images/21810.jpg,quercus_palustris
images/21811.jpg,quercus_palustris
images/21812.jpg,quercus_montana
images/21813.jpg,albizia_julibrissin
images/21814.jpg,pinus_virginiana
images/21815.jpg,albizia_julibrissin
images/21816.jpg,cladrastis_lutea
images/21817.jpg,acer_negundo
images/21818.jpg,prunus_sargentii
images/21819.jpg,diospyros_virginiana
images/21820.jpg,crataegus_viridis
images/21821.jpg,maclura_pomifera
images/21822.jpg,stewartia_pseudocamellia
images/21823.jpg,quercus_palustris
images/21824.jpg,taxodium_distichum
images/21825.jpg,catalpa_bignonioides
images/21826.jpg,carpinus_caroliniana
images/21827.jpg,broussonettia_papyrifera
images/21828.jpg,magnolia_virginiana
images/21829.jpg,carpinus_caroliniana
images/21830.jpg,albizia_julibrissin
images/21831.jpg,quercus_acutissima
images/21832.jpg,prunus_sargentii
images/21833.jpg,albizia_julibrissin
images/21834.jpg,broussonettia_papyrifera
images/21835.jpg,magnolia_virginiana
images/21836.jpg,albizia_julibrissin
images/21837.jpg,pinus_flexilis
images/21838.jpg,cryptomeria_japonica
images/21839.jpg,crataegus_laevigata
images/21840.jpg,magnolia_virginiana
images/21841.jpg,pinus_flexilis
images/21842.jpg,crataegus_laevigata
images/21843.jpg,magnolia_virginiana
images/21844.jpg,magnolia_virginiana
images/21845.jpg,oxydendrum_arboreum
images/21846.jpg,acer_palmatum
images/21847.jpg,albizia_julibrissin
images/21848.jpg,quercus_cerris
images/21849.jpg,oxydendrum_arboreum
images/21850.jpg,oxydendrum_arboreum
images/21851.jpg,ulmus_rubra
images/21852.jpg,acer_ginnala
images/21853.jpg,carpinus_caroliniana
images/21854.jpg,magnolia_grandiflora
images/21855.jpg,oxydendrum_arboreum
images/21856.jpg,cryptomeria_japonica
images/21857.jpg,ulmus_rubra
images/21858.jpg,oxydendrum_arboreum
images/21859.jpg,ulmus_rubra
images/21860.jpg,prunus_sargentii
images/21861.jpg,pinus_flexilis
images/21862.jpg,pinus_flexilis
images/21863.jpg,ulmus_rubra
images/21864.jpg,magnolia_virginiana
images/21865.jpg,maclura_pomifera
images/21866.jpg,ulmus_rubra
images/21867.jpg,prunus_sargentii
images/21868.jpg,crataegus_viridis
images/21869.jpg,prunus_sargentii
images/21870.jpg,quercus_palustris
images/21871.jpg,albizia_julibrissin
images/21872.jpg,maclura_pomifera
images/21873.jpg,pinus_flexilis
images/21874.jpg,pinus_cembra
images/21875.jpg,albizia_julibrissin
images/21876.jpg,magnolia_virginiana
images/21877.jpg,fraxinus_nigra
images/21878.jpg,carpinus_caroliniana
images/21879.jpg,albizia_julibrissin
images/21880.jpg,carpinus_caroliniana
images/21881.jpg,maclura_pomifera
images/21882.jpg,magnolia_virginiana
images/21883.jpg,cladrastis_lutea
images/21884.jpg,albizia_julibrissin
images/21885.jpg,fraxinus_nigra
images/21886.jpg,maclura_pomifera
images/21887.jpg,maclura_pomifera
images/21888.jpg,salix_matsudana
images/21889.jpg,cryptomeria_japonica
images/21890.jpg,acer_palmatum
images/21891.jpg,betula_nigra
images/21892.jpg,quercus_cerris
images/21893.jpg,quercus_alba
images/21894.jpg,salix_babylonica
images/21895.jpg,picea_pungens
images/21896.jpg,quercus_cerris
images/21897.jpg,maclura_pomifera
images/21898.jpg,acer_palmatum
images/21899.jpg,prunus_sargentii
images/21900.jpg,pinus_flexilis
images/21901.jpg,ailanthus_altissima
images/21902.jpg,pinus_flexilis
images/21903.jpg,asimina_triloba
images/21904.jpg,maclura_pomifera
images/21905.jpg,quercus_cerris
images/21906.jpg,pinus_flexilis
images/21907.jpg,broussonettia_papyrifera
images/21908.jpg,carpinus_caroliniana
images/21909.jpg,oxydendrum_arboreum
images/21910.jpg,maclura_pomifera
images/21911.jpg,magnolia_grandiflora
images/21912.jpg,salix_matsudana
images/21913.jpg,carpinus_caroliniana
images/21914.jpg,magnolia_virginiana
images/21915.jpg,magnolia_virginiana
images/21916.jpg,crataegus_viridis
images/21917.jpg,carpinus_caroliniana
images/21918.jpg,cryptomeria_japonica
images/21919.jpg,magnolia_virginiana
images/21920.jpg,maclura_pomifera
images/21921.jpg,ilex_opaca
images/21922.jpg,carpinus_caroliniana
images/21923.jpg,maclura_pomifera
images/21924.jpg,prunus_sargentii
images/21925.jpg,quercus_alba
images/21926.jpg,crataegus_viridis
images/21927.jpg,ulmus_rubra
images/21928.jpg,quercus_muehlenbergii
images/21929.jpg,magnolia_virginiana
images/21930.jpg,quercus_palustris
images/21931.jpg,quercus_palustris
images/21932.jpg,magnolia_virginiana
images/21933.jpg,acer_palmatum
images/21934.jpg,maclura_pomifera
images/21935.jpg,staphylea_trifolia
images/21936.jpg,magnolia_virginiana
images/21937.jpg,prunus_sargentii
images/21938.jpg,broussonettia_papyrifera
images/21939.jpg,magnolia_virginiana
images/21940.jpg,albizia_julibrissin
images/21941.jpg,quercus_palustris
images/21942.jpg,salix_babylonica
images/21943.jpg,maclura_pomifera
images/21944.jpg,albizia_julibrissin
images/21945.jpg,quercus_cerris
images/21946.jpg,maclura_pomifera
images/21947.jpg,betula_nigra
images/21948.jpg,quercus_alba
images/21949.jpg,pinus_flexilis
images/21950.jpg,pinus_flexilis
images/21951.jpg,pinus_flexilis
images/21952.jpg,picea_orientalis
images/21953.jpg,acer_negundo
images/21954.jpg,pinus_flexilis
images/21955.jpg,maclura_pomifera
images/21956.jpg,pinus_cembra
images/21957.jpg,carpinus_caroliniana
images/21958.jpg,acer_palmatum
images/21959.jpg,oxydendrum_arboreum
images/21960.jpg,maclura_pomifera
images/21961.jpg,acer_palmatum
images/21962.jpg,salix_matsudana
images/21963.jpg,albizia_julibrissin
images/21964.jpg,oxydendrum_arboreum
images/21965.jpg,magnolia_tripetala
images/21966.jpg,albizia_julibrissin
images/21967.jpg,stewartia_pseudocamellia
images/21968.jpg,magnolia_virginiana
images/21969.jpg,carya_cordiformis
images/21970.jpg,crataegus_viridis
images/21971.jpg,diospyros_virginiana
images/21972.jpg,magnolia_virginiana
images/21973.jpg,pinus_flexilis
images/21974.jpg,salix_babylonica
images/21975.jpg,acer_palmatum
images/21976.jpg,magnolia_virginiana
images/21977.jpg,maclura_pomifera
images/21978.jpg,oxydendrum_arboreum
images/21979.jpg,magnolia_virginiana
images/21980.jpg,populus_deltoides
images/21981.jpg,fraxinus_nigra
images/21982.jpg,quercus_alba
images/21983.jpg,oxydendrum_arboreum
images/21984.jpg,quercus_palustris
images/21985.jpg,carpinus_caroliniana
images/21986.jpg,pinus_flexilis
images/21987.jpg,magnolia_virginiana
images/21988.jpg,stewartia_pseudocamellia
images/21989.jpg,magnolia_virginiana
images/21990.jpg,albizia_julibrissin
images/21991.jpg,ilex_opaca
images/21992.jpg,picea_pungens
images/21993.jpg,ilex_opaca
images/21994.jpg,magnolia_virginiana
images/21995.jpg,quercus_alba
images/21996.jpg,albizia_julibrissin
images/21997.jpg,albizia_julibrissin
images/21998.jpg,salix_babylonica
images/21999.jpg,acer_palmatum
images/22000.jpg,carpinus_caroliniana
images/22001.jpg,quercus_palustris
images/22002.jpg,robinia_pseudo-acacia
images/22003.jpg,carpinus_caroliniana
images/22004.jpg,crataegus_viridis
images/22005.jpg,ulmus_americana
images/22006.jpg,juglans_nigra
images/22007.jpg,ilex_opaca
images/22008.jpg,maclura_pomifera
images/22009.jpg,carpinus_caroliniana
images/22010.jpg,picea_pungens
images/22011.jpg,pinus_flexilis
images/22012.jpg,prunus_pensylvanica
images/22013.jpg,maclura_pomifera
images/22014.jpg,broussonettia_papyrifera
images/22015.jpg,magnolia_virginiana
images/22016.jpg,crataegus_viridis
images/22017.jpg,pinus_cembra
images/22018.jpg,carpinus_caroliniana
images/22019.jpg,albizia_julibrissin
images/22020.jpg,picea_pungens
images/22021.jpg,acer_palmatum
images/22022.jpg,stewartia_pseudocamellia
images/22023.jpg,pinus_taeda
images/22024.jpg,prunus_sargentii
images/22025.jpg,albizia_julibrissin
images/22026.jpg,magnolia_virginiana
images/22027.jpg,maclura_pomifera
images/22028.jpg,salix_matsudana
images/22029.jpg,magnolia_virginiana
images/22030.jpg,acer_saccharum
images/22031.jpg,cryptomeria_japonica
images/22032.jpg,pinus_flexilis
images/22033.jpg,salix_matsudana
images/22034.jpg,quercus_cerris
images/22035.jpg,cryptomeria_japonica
images/22036.jpg,cryptomeria_japonica
images/22037.jpg,ptelea_trifoliata
images/22038.jpg,picea_pungens
images/22039.jpg,magnolia_virginiana
images/22040.jpg,carpinus_caroliniana
images/22041.jpg,pinus_flexilis
images/22042.jpg,picea_pungens
images/22043.jpg,ilex_opaca
images/22044.jpg,acer_palmatum
images/22045.jpg,prunus_sargentii
images/22046.jpg,cryptomeria_japonica
images/22047.jpg,stewartia_pseudocamellia
images/22048.jpg,magnolia_virginiana
images/22049.jpg,quercus_cerris
images/22050.jpg,picea_orientalis
images/22051.jpg,maclura_pomifera
images/22052.jpg,maclura_pomifera
images/22053.jpg,albizia_julibrissin
images/22054.jpg,quercus_palustris
images/22055.jpg,maclura_pomifera
images/22056.jpg,magnolia_virginiana
images/22057.jpg,magnolia_virginiana
images/22058.jpg,picea_pungens
images/22059.jpg,picea_pungens
images/22060.jpg,fraxinus_nigra
images/22061.jpg,catalpa_bignonioides
images/22062.jpg,fraxinus_nigra
images/22063.jpg,fraxinus_nigra
images/22064.jpg,pinus_flexilis
images/22065.jpg,quercus_cerris
images/22066.jpg,carpinus_caroliniana
images/22067.jpg,maclura_pomifera
images/22068.jpg,staphylea_trifolia
images/22069.jpg,magnolia_virginiana
images/22070.jpg,maclura_pomifera
images/22071.jpg,picea_pungens
images/22072.jpg,pinus_flexilis
images/22073.jpg,acer_palmatum
images/22074.jpg,cryptomeria_japonica
images/22075.jpg,albizia_julibrissin
images/22076.jpg,carpinus_caroliniana
images/22077.jpg,quercus_cerris
images/22078.jpg,picea_orientalis
images/22079.jpg,salix_babylonica
images/22080.jpg,salix_matsudana
images/22081.jpg,pinus_taeda
images/22082.jpg,oxydendrum_arboreum
images/22083.jpg,carpinus_caroliniana
images/22084.jpg,magnolia_virginiana
images/22085.jpg,oxydendrum_arboreum
images/22086.jpg,salix_babylonica
images/22087.jpg,diospyros_virginiana
images/22088.jpg,carpinus_caroliniana
images/22089.jpg,picea_pungens
images/22090.jpg,quercus_palustris
images/22091.jpg,quercus_palustris
images/22092.jpg,acer_palmatum
images/22093.jpg,ilex_opaca
images/22094.jpg,fraxinus_nigra
images/22095.jpg,carpinus_caroliniana
images/22096.jpg,pinus_flexilis
images/22097.jpg,magnolia_virginiana
images/22098.jpg,ulmus_americana
images/22099.jpg,prunus_sargentii
images/22100.jpg,acer_negundo
images/22101.jpg,salix_matsudana
images/22102.jpg,catalpa_bignonioides
images/22103.jpg,acer_negundo
images/22104.jpg,populus_deltoides
images/22105.jpg,magnolia_virginiana
images/22106.jpg,crataegus_viridis
images/22107.jpg,acer_palmatum
images/22108.jpg,pinus_flexilis
images/22109.jpg,ailanthus_altissima
images/22110.jpg,crataegus_laevigata
images/22111.jpg,crataegus_viridis
images/22112.jpg,carpinus_caroliniana
images/22113.jpg,robinia_pseudo-acacia
images/22114.jpg,magnolia_virginiana
images/22115.jpg,pinus_flexilis
images/22116.jpg,albizia_julibrissin
images/22117.jpg,betula_nigra
images/22118.jpg,magnolia_tripetala
images/22119.jpg,magnolia_virginiana
images/22120.jpg,maclura_pomifera
images/22121.jpg,picea_pungens
images/22122.jpg,magnolia_virginiana
images/22123.jpg,picea_pungens
images/22124.jpg,picea_pungens
images/22125.jpg,pinus_taeda
images/22126.jpg,prunus_sargentii
images/22127.jpg,ptelea_trifoliata
images/22128.jpg,acer_palmatum
images/22129.jpg,carpinus_caroliniana
images/22130.jpg,fraxinus_nigra
images/22131.jpg,fraxinus_nigra
images/22132.jpg,magnolia_virginiana
images/22133.jpg,albizia_julibrissin
images/22134.jpg,carpinus_caroliniana
images/22135.jpg,cryptomeria_japonica
images/22136.jpg,quercus_palustris
images/22137.jpg,acer_palmatum
images/22138.jpg,magnolia_virginiana
images/22139.jpg,salix_babylonica
images/22140.jpg,maclura_pomifera
images/22141.jpg,broussonettia_papyrifera
images/22142.jpg,maclura_pomifera
images/22143.jpg,pinus_flexilis
images/22144.jpg,quercus_cerris
images/22145.jpg,diospyros_virginiana
images/22146.jpg,quercus_alba
images/22147.jpg,pinus_flexilis
images/22148.jpg,quercus_cerris
images/22149.jpg,magnolia_virginiana
images/22150.jpg,magnolia_virginiana
images/22151.jpg,pinus_flexilis
images/22152.jpg,magnolia_virginiana
images/22153.jpg,populus_deltoides
images/22154.jpg,acer_palmatum
images/22155.jpg,picea_pungens
images/22156.jpg,ulmus_rubra
images/22157.jpg,pinus_sylvestris
images/22158.jpg,ilex_opaca
images/22159.jpg,quercus_alba
images/22160.jpg,maclura_pomifera
images/22161.jpg,acer_saccharum
images/22162.jpg,ulmus_rubra
images/22163.jpg,crataegus_viridis
images/22164.jpg,salix_babylonica
images/22165.jpg,carpinus_caroliniana
images/22166.jpg,pinus_flexilis
images/22167.jpg,picea_pungens
images/22168.jpg,maclura_pomifera
images/22169.jpg,maclura_pomifera
images/22170.jpg,diospyros_virginiana
images/22171.jpg,maclura_pomifera
images/22172.jpg,magnolia_virginiana
images/22173.jpg,quercus_alba
images/22174.jpg,catalpa_bignonioides
images/22175.jpg,ulmus_rubra
images/22176.jpg,magnolia_virginiana
images/22177.jpg,acer_negundo
images/22178.jpg,populus_deltoides
images/22179.jpg,ulmus_rubra
images/22180.jpg,maclura_pomifera
images/22181.jpg,picea_pungens
images/22182.jpg,pinus_flexilis
images/22183.jpg,magnolia_virginiana
images/22184.jpg,magnolia_virginiana
images/22185.jpg,acer_palmatum
images/22186.jpg,albizia_julibrissin
images/22187.jpg,magnolia_virginiana
images/22188.jpg,pinus_sylvestris
images/22189.jpg,picea_pungens
images/22190.jpg,pinus_sylvestris
images/22191.jpg,salix_babylonica
images/22192.jpg,stewartia_pseudocamellia
images/22193.jpg,aesculus_pavi
images/22194.jpg,carya_cordiformis
images/22195.jpg,pinus_flexilis
images/22196.jpg,robinia_pseudo-acacia
images/22197.jpg,magnolia_virginiana
images/22198.jpg,oxydendrum_arboreum
images/22199.jpg,quercus_palustris
images/22200.jpg,ailanthus_altissima
images/22201.jpg,magnolia_virginiana
images/22202.jpg,maclura_pomifera
images/22203.jpg,betula_nigra
images/22204.jpg,picea_pungens
images/22205.jpg,pinus_cembra
images/22206.jpg,pinus_virginiana
images/22207.jpg,carpinus_caroliniana
images/22208.jpg,pinus_flexilis
images/22209.jpg,crataegus_viridis
images/22210.jpg,pinus_flexilis
images/22211.jpg,maclura_pomifera
images/22212.jpg,crataegus_viridis
images/22213.jpg,pinus_flexilis
images/22214.jpg,maclura_pomifera
images/22215.jpg,ulmus_rubra
images/22216.jpg,stewartia_pseudocamellia
images/22217.jpg,maclura_pomifera
images/22218.jpg,quercus_cerris
images/22219.jpg,maclura_pomifera
images/22220.jpg,maclura_pomifera
images/22221.jpg,pinus_flexilis
images/22222.jpg,albizia_julibrissin
images/22223.jpg,salix_babylonica
images/22224.jpg,cladrastis_lutea
images/22225.jpg,albizia_julibrissin
images/22226.jpg,magnolia_virginiana
images/22227.jpg,carpinus_caroliniana
images/22228.jpg,carpinus_caroliniana
images/22229.jpg,prunus_sargentii
images/22230.jpg,prunus_sargentii
images/22231.jpg,carpinus_caroliniana
images/22232.jpg,magnolia_virginiana
images/22233.jpg,quercus_cerris
images/22234.jpg,ulmus_rubra
images/22235.jpg,pinus_flexilis
images/22236.jpg,pinus_cembra
images/22237.jpg,diospyros_virginiana
images/22238.jpg,magnolia_virginiana
images/22239.jpg,pinus_flexilis
images/22240.jpg,cryptomeria_japonica
images/22241.jpg,ulmus_rubra
images/22242.jpg,pinus_flexilis
images/22243.jpg,ulmus_rubra
images/22244.jpg,robinia_pseudo-acacia
images/22245.jpg,magnolia_virginiana
images/22246.jpg,fraxinus_nigra
images/22247.jpg,magnolia_virginiana
images/22248.jpg,magnolia_virginiana
images/22249.jpg,ulmus_rubra
images/22250.jpg,ulmus_rubra
images/22251.jpg,pinus_flexilis
images/22252.jpg,pinus_virginiana
images/22253.jpg,catalpa_bignonioides
images/22254.jpg,albizia_julibrissin
images/22255.jpg,acer_palmatum
images/22256.jpg,ailanthus_altissima
images/22257.jpg,broussonettia_papyrifera
images/22258.jpg,pinus_cembra
images/22259.jpg,magnolia_virginiana
images/22260.jpg,picea_pungens
images/22261.jpg,ilex_opaca
images/22262.jpg,diospyros_virginiana
images/22263.jpg,pinus_flexilis
images/22264.jpg,carpinus_caroliniana
images/22265.jpg,ailanthus_altissima
images/22266.jpg,cryptomeria_japonica
images/22267.jpg,crataegus_viridis
images/22268.jpg,pinus_taeda
images/22269.jpg,broussonettia_papyrifera
images/22270.jpg,magnolia_virginiana
images/22271.jpg,oxydendrum_arboreum
images/22272.jpg,albizia_julibrissin
images/22273.jpg,prunus_sargentii
images/22274.jpg,asimina_triloba
images/22275.jpg,carpinus_caroliniana
images/22276.jpg,magnolia_grandiflora
images/22277.jpg,oxydendrum_arboreum
images/22278.jpg,quercus_cerris
images/22279.jpg,quercus_cerris
images/22280.jpg,magnolia_virginiana
images/22281.jpg,oxydendrum_arboreum
images/22282.jpg,pinus_flexilis
images/22283.jpg,magnolia_virginiana
images/22284.jpg,magnolia_virginiana
images/22285.jpg,albizia_julibrissin
images/22286.jpg,maclura_pomifera
images/22287.jpg,maclura_pomifera
images/22288.jpg,ulmus_rubra
images/22289.jpg,populus_deltoides
images/22290.jpg,magnolia_virginiana
images/22291.jpg,ailanthus_altissima
images/22292.jpg,pinus_flexilis
images/22293.jpg,carpinus_caroliniana
images/22294.jpg,carpinus_caroliniana
images/22295.jpg,magnolia_virginiana
images/22296.jpg,betula_nigra
images/22297.jpg,cercis_canadensis
images/22298.jpg,magnolia_grandiflora
images/22299.jpg,magnolia_virginiana
images/22300.jpg,acer_negundo
images/22301.jpg,albizia_julibrissin
images/22302.jpg,quercus_palustris
images/22303.jpg,maclura_pomifera
images/22304.jpg,magnolia_tripetala
images/22305.jpg,cladrastis_lutea
images/22306.jpg,prunus_sargentii
images/22307.jpg,acer_palmatum
images/22308.jpg,ulmus_rubra
images/22309.jpg,diospyros_virginiana
images/22310.jpg,broussonettia_papyrifera
images/22311.jpg,maclura_pomifera
images/22312.jpg,fraxinus_nigra
images/22313.jpg,picea_pungens
images/22314.jpg,pinus_taeda
images/22315.jpg,cryptomeria_japonica
images/22316.jpg,cladrastis_lutea
images/22317.jpg,albizia_julibrissin
images/22318.jpg,pinus_flexilis
images/22319.jpg,pinus_flexilis
images/22320.jpg,pinus_taeda
images/22321.jpg,pinus_flexilis
images/22322.jpg,oxydendrum_arboreum
images/22323.jpg,pinus_flexilis
images/22324.jpg,crataegus_viridis
images/22325.jpg,acer_palmatum
images/22326.jpg,quercus_cerris
images/22327.jpg,quercus_cerris
images/22328.jpg,maclura_pomifera
images/22329.jpg,crataegus_laevigata
images/22330.jpg,ulmus_rubra
images/22331.jpg,fraxinus_nigra
images/22332.jpg,pinus_flexilis
images/22333.jpg,quercus_cerris
images/22334.jpg,pinus_flexilis
images/22335.jpg,pinus_flexilis
images/22336.jpg,oxydendrum_arboreum
images/22337.jpg,maclura_pomifera
images/22338.jpg,carpinus_caroliniana
images/22339.jpg,acer_negundo
images/22340.jpg,acer_palmatum
images/22341.jpg,betula_nigra
images/22342.jpg,magnolia_virginiana
images/22343.jpg,broussonettia_papyrifera
images/22344.jpg,prunus_sargentii
images/22345.jpg,crataegus_viridis
images/22346.jpg,magnolia_virginiana
images/22347.jpg,acer_palmatum
images/22348.jpg,picea_orientalis
images/22349.jpg,albizia_julibrissin
images/22350.jpg,salix_babylonica
images/22351.jpg,cladrastis_lutea
images/22352.jpg,oxydendrum_arboreum
images/22353.jpg,ulmus_rubra
images/22354.jpg,maclura_pomifera
images/22355.jpg,cercis_canadensis
images/22356.jpg,magnolia_virginiana
images/22357.jpg,maclura_pomifera
images/22358.jpg,cryptomeria_japonica
images/22359.jpg,ptelea_trifoliata
images/22360.jpg,salix_babylonica
images/22361.jpg,oxydendrum_arboreum
images/22362.jpg,prunus_sargentii
images/22363.jpg,maclura_pomifera
images/22364.jpg,acer_ginnala
images/22365.jpg,albizia_julibrissin
images/22366.jpg,pinus_cembra
images/22367.jpg,oxydendrum_arboreum
images/22368.jpg,acer_palmatum
images/22369.jpg,quercus_acutissima
images/22370.jpg,quercus_cerris
images/22371.jpg,acer_palmatum
images/22372.jpg,quercus_cerris
images/22373.jpg,robinia_pseudo-acacia
images/22374.jpg,albizia_julibrissin
images/22375.jpg,ulmus_rubra
images/22376.jpg,salix_babylonica
images/22377.jpg,pinus_flexilis
images/22378.jpg,picea_pungens
images/22379.jpg,maclura_pomifera
images/22380.jpg,ilex_opaca
images/22381.jpg,magnolia_virginiana
images/22382.jpg,picea_pungens
images/22383.jpg,pinus_flexilis
images/22384.jpg,ilex_opaca
images/22385.jpg,juglans_nigra
images/22386.jpg,fraxinus_nigra
images/22387.jpg,pinus_flexilis
images/22388.jpg,pinus_flexilis
images/22389.jpg,magnolia_virginiana
images/22390.jpg,pinus_flexilis
images/22391.jpg,magnolia_virginiana
images/22392.jpg,pinus_sylvestris
images/22393.jpg,albizia_julibrissin
images/22394.jpg,magnolia_virginiana
images/22395.jpg,acer_palmatum
images/22396.jpg,acer_palmatum
images/22397.jpg,salix_babylonica
images/22398.jpg,crataegus_viridis
images/22399.jpg,albizia_julibrissin
images/22400.jpg,pinus_flexilis
images/22401.jpg,albizia_julibrissin
images/22402.jpg,maclura_pomifera
images/22403.jpg,betula_nigra
images/22404.jpg,ilex_opaca
images/22405.jpg,acer_palmatum
images/22406.jpg,salix_babylonica
images/22407.jpg,picea_pungens
images/22408.jpg,stewartia_pseudocamellia
images/22409.jpg,catalpa_bignonioides
images/22410.jpg,magnolia_virginiana
images/22411.jpg,quercus_cerris
images/22412.jpg,magnolia_virginiana
images/22413.jpg,crataegus_viridis
images/22414.jpg,prunus_sargentii
images/22415.jpg,magnolia_virginiana
images/22416.jpg,ulmus_rubra
images/22417.jpg,carpinus_caroliniana
images/22418.jpg,quercus_cerris
images/22419.jpg,carpinus_caroliniana
images/22420.jpg,albizia_julibrissin
images/22421.jpg,albizia_julibrissin
images/22422.jpg,fraxinus_nigra
images/22423.jpg,magnolia_virginiana
images/22424.jpg,prunus_sargentii
images/22425.jpg,quercus_alba
images/22426.jpg,quercus_cerris
images/22427.jpg,oxydendrum_arboreum
images/22428.jpg,crataegus_viridis
images/22429.jpg,robinia_pseudo-acacia
images/22430.jpg,acer_palmatum
images/22431.jpg,crataegus_laevigata
images/22432.jpg,populus_deltoides
images/22433.jpg,prunus_sargentii
images/22434.jpg,carya_cordiformis
images/22435.jpg,robinia_pseudo-acacia
images/22436.jpg,pinus_flexilis
images/22437.jpg,magnolia_tripetala
images/22438.jpg,pinus_flexilis
images/22439.jpg,quercus_palustris
images/22440.jpg,quercus_palustris
images/22441.jpg,populus_deltoides
images/22442.jpg,broussonettia_papyrifera
images/22443.jpg,prunus_sargentii
images/22444.jpg,betula_nigra
images/22445.jpg,ulmus_americana
images/22446.jpg,magnolia_virginiana
images/22447.jpg,picea_pungens
images/22448.jpg,carya_cordiformis
images/22449.jpg,pinus_flexilis
images/22450.jpg,albizia_julibrissin
images/22451.jpg,populus_deltoides
images/22452.jpg,acer_palmatum
images/22453.jpg,ailanthus_altissima
images/22454.jpg,fraxinus_nigra
images/22455.jpg,albizia_julibrissin
images/22456.jpg,fraxinus_nigra
images/22457.jpg,quercus_cerris
images/22458.jpg,oxydendrum_arboreum
images/22459.jpg,acer_palmatum
images/22460.jpg,prunus_sargentii
images/22461.jpg,catalpa_bignonioides
images/22462.jpg,pinus_flexilis
images/22463.jpg,carpinus_caroliniana
images/22464.jpg,carpinus_caroliniana
images/22465.jpg,maclura_pomifera
images/22466.jpg,acer_palmatum
images/22467.jpg,picea_orientalis
images/22468.jpg,magnolia_virginiana
images/22469.jpg,prunus_sargentii
images/22470.jpg,carpinus_caroliniana
images/22471.jpg,staphylea_trifolia
images/22472.jpg,pinus_virginiana
images/22473.jpg,diospyros_virginiana
images/22474.jpg,acer_palmatum
images/22475.jpg,salix_babylonica
images/22476.jpg,pinus_flexilis
images/22477.jpg,crataegus_viridis
images/22478.jpg,acer_negundo
images/22479.jpg,pinus_flexilis
images/22480.jpg,carpinus_caroliniana
images/22481.jpg,quercus_cerris
images/22482.jpg,carya_cordiformis
images/22483.jpg,picea_pungens
images/22484.jpg,asimina_triloba
images/22485.jpg,albizia_julibrissin
images/22486.jpg,pinus_flexilis
images/22487.jpg,salix_babylonica
images/22488.jpg,quercus_palustris
images/22489.jpg,ulmus_rubra
images/22490.jpg,quercus_acutissima
images/22491.jpg,salix_matsudana
images/22492.jpg,magnolia_virginiana
images/22493.jpg,acer_palmatum
images/22494.jpg,acer_palmatum
images/22495.jpg,crataegus_viridis
images/22496.jpg,prunus_virginiana
images/22497.jpg,crataegus_viridis
images/22498.jpg,maclura_pomifera
images/22499.jpg,quercus_cerris
images/22500.jpg,prunus_sargentii
images/22501.jpg,carpinus_caroliniana
images/22502.jpg,albizia_julibrissin
images/22503.jpg,magnolia_virginiana
images/22504.jpg,albizia_julibrissin
images/22505.jpg,ilex_opaca
images/22506.jpg,ulmus_americana
images/22507.jpg,robinia_pseudo-acacia
images/22508.jpg,salix_babylonica
images/22509.jpg,quercus_cerris
images/22510.jpg,magnolia_virginiana
images/22511.jpg,maclura_pomifera
images/22512.jpg,pinus_virginiana
images/22513.jpg,magnolia_virginiana
images/22514.jpg,magnolia_virginiana
images/22515.jpg,quercus_velutina
images/22516.jpg,albizia_julibrissin
images/22517.jpg,picea_pungens
images/22518.jpg,crataegus_laevigata
images/22519.jpg,catalpa_bignonioides
images/22520.jpg,diospyros_virginiana
images/22521.jpg,quercus_cerris
images/22522.jpg,pinus_flexilis
images/22523.jpg,populus_deltoides
images/22524.jpg,prunus_sargentii
images/22525.jpg,maclura_pomifera
images/22526.jpg,carpinus_caroliniana
images/22527.jpg,ilex_opaca
images/22528.jpg,staphylea_trifolia
images/22529.jpg,carpinus_caroliniana
images/22530.jpg,magnolia_virginiana
images/22531.jpg,quercus_palustris
images/22532.jpg,pinus_flexilis
images/22533.jpg,prunus_sargentii
images/22534.jpg,quercus_cerris
images/22535.jpg,picea_orientalis
images/22536.jpg,albizia_julibrissin
images/22537.jpg,acer_palmatum
images/22538.jpg,oxydendrum_arboreum
images/22539.jpg,picea_pungens
images/22540.jpg,ptelea_trifoliata
images/22541.jpg,magnolia_virginiana
images/22542.jpg,asimina_triloba
images/22543.jpg,picea_orientalis
images/22544.jpg,salix_babylonica
images/22545.jpg,albizia_julibrissin
images/22546.jpg,ulmus_americana
images/22547.jpg,ilex_opaca
images/22548.jpg,pinus_flexilis
images/22549.jpg,acer_palmatum
images/22550.jpg,magnolia_virginiana
images/22551.jpg,pinus_taeda
images/22552.jpg,picea_pungens
images/22553.jpg,magnolia_virginiana
images/22554.jpg,magnolia_virginiana
images/22555.jpg,cercis_canadensis
images/22556.jpg,pinus_flexilis
images/22557.jpg,quercus_palustris
images/22558.jpg,prunus_sargentii
images/22559.jpg,ulmus_rubra
images/22560.jpg,pinus_peucea
images/22561.jpg,pinus_flexilis
images/22562.jpg,picea_pungens
images/22563.jpg,pinus_flexilis
images/22564.jpg,magnolia_virginiana
images/22565.jpg,maclura_pomifera
images/22566.jpg,magnolia_virginiana
images/22567.jpg,magnolia_virginiana
images/22568.jpg,prunus_sargentii
images/22569.jpg,magnolia_virginiana
images/22570.jpg,magnolia_virginiana
images/22571.jpg,magnolia_virginiana
images/22572.jpg,oxydendrum_arboreum
images/22573.jpg,picea_pungens
images/22574.jpg,pinus_taeda
images/22575.jpg,crataegus_viridis
images/22576.jpg,carpinus_caroliniana
images/22577.jpg,magnolia_virginiana
images/22578.jpg,maclura_pomifera
images/22579.jpg,carpinus_caroliniana
images/22580.jpg,pinus_flexilis
images/22581.jpg,pinus_flexilis
images/22582.jpg,ulmus_rubra
images/22583.jpg,salix_babylonica
images/22584.jpg,pinus_peucea
images/22585.jpg,quercus_palustris
images/22586.jpg,magnolia_virginiana
images/22587.jpg,salix_babylonica
images/22588.jpg,pseudolarix_amabilis
images/22589.jpg,quercus_alba
images/22590.jpg,magnolia_virginiana
images/22591.jpg,ulmus_rubra
images/22592.jpg,carpinus_caroliniana
images/22593.jpg,ficus_carica
images/22594.jpg,pinus_flexilis
images/22595.jpg,maclura_pomifera
images/22596.jpg,metasequoia_glyptostroboides
images/22597.jpg,magnolia_virginiana
images/22598.jpg,albizia_julibrissin
images/22599.jpg,taxodium_distichum
images/22600.jpg,oxydendrum_arboreum
images/22601.jpg,albizia_julibrissin
images/22602.jpg,acer_ginnala
images/22603.jpg,salix_babylonica
images/22604.jpg,carpinus_caroliniana
images/22605.jpg,pinus_taeda
images/22606.jpg,magnolia_virginiana
images/22607.jpg,maclura_pomifera
images/22608.jpg,magnolia_virginiana
images/22609.jpg,carpinus_caroliniana
images/22610.jpg,metasequoia_glyptostroboides
images/22611.jpg,pinus_flexilis
images/22612.jpg,ulmus_rubra
images/22613.jpg,maclura_pomifera
images/22614.jpg,ailanthus_altissima
images/22615.jpg,pinus_flexilis
images/22616.jpg,prunus_sargentii
images/22617.jpg,picea_pungens
images/22618.jpg,picea_pungens
images/22619.jpg,quercus_acutissima
images/22620.jpg,magnolia_virginiana
images/22621.jpg,cryptomeria_japonica
images/22622.jpg,pinus_virginiana
images/22623.jpg,ulmus_rubra
images/22624.jpg,quercus_cerris
images/22625.jpg,magnolia_virginiana
images/22626.jpg,magnolia_virginiana
images/22627.jpg,magnolia_virginiana
images/22628.jpg,maclura_pomifera
images/22629.jpg,carpinus_caroliniana
images/22630.jpg,carpinus_caroliniana
images/22631.jpg,betula_nigra
images/22632.jpg,fraxinus_nigra
images/22633.jpg,magnolia_virginiana
images/22634.jpg,picea_orientalis
images/22635.jpg,betula_nigra
images/22636.jpg,ailanthus_altissima
images/22637.jpg,magnolia_virginiana
images/22638.jpg,magnolia_acuminata
images/22639.jpg,pinus_flexilis
images/22640.jpg,staphylea_trifolia
images/22641.jpg,albizia_julibrissin
images/22642.jpg,ilex_opaca
images/22643.jpg,oxydendrum_arboreum
images/22644.jpg,albizia_julibrissin
images/22645.jpg,carpinus_caroliniana
images/22646.jpg,albizia_julibrissin
images/22647.jpg,prunus_sargentii
images/22648.jpg,picea_pungens
images/22649.jpg,acer_negundo
images/22650.jpg,salix_babylonica
images/22651.jpg,albizia_julibrissin
images/22652.jpg,pinus_flexilis
images/22653.jpg,ailanthus_altissima
images/22654.jpg,crataegus_laevigata
images/22655.jpg,carpinus_caroliniana
images/22656.jpg,acer_palmatum
images/22657.jpg,quercus_cerris
images/22658.jpg,albizia_julibrissin
images/22659.jpg,ulmus_rubra
images/22660.jpg,maclura_pomifera
images/22661.jpg,pinus_flexilis
images/22662.jpg,pinus_flexilis
images/22663.jpg,cryptomeria_japonica
images/22664.jpg,magnolia_virginiana
images/22665.jpg,albizia_julibrissin
images/22666.jpg,acer_saccharum
images/22667.jpg,cryptomeria_japonica
images/22668.jpg,albizia_julibrissin
images/22669.jpg,ginkgo_biloba
images/22670.jpg,quercus_alba
images/22671.jpg,maclura_pomifera
images/22672.jpg,magnolia_virginiana
images/22673.jpg,populus_deltoides
images/22674.jpg,acer_palmatum
images/22675.jpg,salix_babylonica
images/22676.jpg,betula_nigra
images/22677.jpg,acer_palmatum
images/22678.jpg,albizia_julibrissin
images/22679.jpg,prunus_sargentii
images/22680.jpg,magnolia_virginiana
images/22681.jpg,maclura_pomifera
images/22682.jpg,carpinus_caroliniana
images/22683.jpg,pinus_taeda
images/22684.jpg,quercus_palustris
images/22685.jpg,magnolia_virginiana
images/22686.jpg,maclura_pomifera
images/22687.jpg,salix_matsudana
images/22688.jpg,ailanthus_altissima
images/22689.jpg,albizia_julibrissin
images/22690.jpg,salix_nigra
images/22691.jpg,carpinus_caroliniana
images/22692.jpg,acer_palmatum
images/22693.jpg,catalpa_bignonioides
images/22694.jpg,magnolia_virginiana
images/22695.jpg,juglans_nigra
images/22696.jpg,acer_palmatum
images/22697.jpg,acer_palmatum
images/22698.jpg,oxydendrum_arboreum
images/22699.jpg,magnolia_virginiana
images/22700.jpg,salix_babylonica
images/22701.jpg,magnolia_virginiana
images/22702.jpg,carpinus_caroliniana
images/22703.jpg,pinus_virginiana
images/22704.jpg,pinus_flexilis
images/22705.jpg,picea_pungens
images/22706.jpg,broussonettia_papyrifera
images/22707.jpg,metasequoia_glyptostroboides
images/22708.jpg,ulmus_rubra
images/22709.jpg,halesia_tetraptera
images/22710.jpg,magnolia_virginiana
images/22711.jpg,magnolia_virginiana
images/22712.jpg,prunus_sargentii
images/22713.jpg,maclura_pomifera
images/22714.jpg,albizia_julibrissin
images/22715.jpg,magnolia_virginiana
images/22716.jpg,pinus_flexilis
images/22717.jpg,salix_babylonica
images/22718.jpg,quercus_palustris
images/22719.jpg,crataegus_viridis
images/22720.jpg,juniperus_virginiana
images/22721.jpg,quercus_alba
images/22722.jpg,pinus_virginiana
images/22723.jpg,carpinus_caroliniana
images/22724.jpg,salix_matsudana
images/22725.jpg,crataegus_viridis
images/22726.jpg,magnolia_virginiana
images/22727.jpg,salix_matsudana
images/22728.jpg,quercus_cerris
images/22729.jpg,magnolia_virginiana
images/22730.jpg,magnolia_virginiana
images/22731.jpg,pinus_flexilis
images/22732.jpg,quercus_cerris
images/22733.jpg,crataegus_viridis
images/22734.jpg,metasequoia_glyptostroboides
images/22735.jpg,magnolia_virginiana
images/22736.jpg,prunus_sargentii
images/22737.jpg,quercus_montana
images/22738.jpg,broussonettia_papyrifera
images/22739.jpg,quercus_cerris
images/22740.jpg,acer_negundo
images/22741.jpg,crataegus_viridis
images/22742.jpg,oxydendrum_arboreum
images/22743.jpg,albizia_julibrissin
images/22744.jpg,magnolia_virginiana
images/22745.jpg,maclura_pomifera
images/22746.jpg,maclura_pomifera
images/22747.jpg,picea_pungens
images/22748.jpg,pinus_flexilis
images/22749.jpg,fraxinus_nigra
images/22750.jpg,carpinus_caroliniana
images/22751.jpg,ailanthus_altissima
images/22752.jpg,picea_pungens
images/22753.jpg,diospyros_virginiana
images/22754.jpg,magnolia_virginiana
images/22755.jpg,picea_orientalis
images/22756.jpg,asimina_triloba
images/22757.jpg,quercus_palustris
images/22758.jpg,salix_babylonica
images/22759.jpg,diospyros_virginiana
images/22760.jpg,magnolia_virginiana
images/22761.jpg,albizia_julibrissin
images/22762.jpg,prunus_sargentii
images/22763.jpg,maclura_pomifera
images/22764.jpg,quercus_cerris
images/22765.jpg,picea_pungens
images/22766.jpg,salix_nigra
images/22767.jpg,acer_palmatum
images/22768.jpg,carpinus_caroliniana
images/22769.jpg,quercus_cerris
images/22770.jpg,fraxinus_nigra
images/22771.jpg,carpinus_caroliniana
images/22772.jpg,magnolia_virginiana
images/22773.jpg,magnolia_virginiana
images/22774.jpg,magnolia_virginiana
images/22775.jpg,quercus_cerris
images/22776.jpg,magnolia_tripetala
images/22777.jpg,quercus_alba
images/22778.jpg,pinus_virginiana
images/22779.jpg,stewartia_pseudocamellia
images/22780.jpg,maclura_pomifera
images/22781.jpg,oxydendrum_arboreum
images/22782.jpg,maclura_pomifera
images/22783.jpg,magnolia_virginiana
images/22784.jpg,albizia_julibrissin
images/22785.jpg,carpinus_caroliniana
images/22786.jpg,cryptomeria_japonica
images/22787.jpg,salix_nigra
images/22788.jpg,maclura_pomifera
images/22789.jpg,crataegus_laevigata
images/22790.jpg,acer_palmatum
images/22791.jpg,diospyros_virginiana
images/22792.jpg,quercus_cerris
images/22793.jpg,acer_saccharinum
images/22794.jpg,acer_ginnala
images/22795.jpg,maclura_pomifera
images/22796.jpg,maclura_pomifera
images/22797.jpg,salix_matsudana
images/22798.jpg,pinus_virginiana
images/22799.jpg,carpinus_caroliniana
images/22800.jpg,pinus_flexilis
images/22801.jpg,picea_pungens
images/22802.jpg,acer_palmatum
images/22803.jpg,robinia_pseudo-acacia
images/22804.jpg,maclura_pomifera
images/22805.jpg,acer_palmatum
images/22806.jpg,maclura_pomifera
images/22807.jpg,carpinus_caroliniana
images/22808.jpg,quercus_cerris
images/22809.jpg,salix_babylonica
images/22810.jpg,crataegus_viridis
images/22811.jpg,maclura_pomifera
images/22812.jpg,ulmus_rubra
images/22813.jpg,pinus_flexilis
images/22814.jpg,quercus_cerris
images/22815.jpg,prunus_sargentii
images/22816.jpg,oxydendrum_arboreum
images/22817.jpg,albizia_julibrissin
images/22818.jpg,pinus_virginiana
images/22819.jpg,acer_ginnala
images/22820.jpg,quercus_alba
images/22821.jpg,acer_saccharinum
images/22822.jpg,picea_pungens
images/22823.jpg,carpinus_caroliniana
images/22824.jpg,magnolia_virginiana
images/22825.jpg,quercus_alba
images/22826.jpg,maclura_pomifera
images/22827.jpg,albizia_julibrissin
images/22828.jpg,carpinus_caroliniana
images/22829.jpg,salix_babylonica
images/22830.jpg,carpinus_caroliniana
images/22831.jpg,salix_babylonica
images/22832.jpg,picea_pungens
images/22833.jpg,quercus_acutissima
images/22834.jpg,pinus_flexilis
images/22835.jpg,prunus_sargentii
images/22836.jpg,magnolia_virginiana
images/22837.jpg,albizia_julibrissin
images/22838.jpg,prunus_sargentii
images/22839.jpg,ptelea_trifoliata
images/22840.jpg,ulmus_rubra
images/22841.jpg,acer_negundo
images/22842.jpg,prunus_sargentii
images/22843.jpg,magnolia_virginiana
images/22844.jpg,carpinus_caroliniana
images/22845.jpg,magnolia_virginiana
images/22846.jpg,diospyros_virginiana
images/22847.jpg,diospyros_virginiana
images/22848.jpg,crataegus_viridis
images/22849.jpg,magnolia_virginiana
images/22850.jpg,maclura_pomifera
images/22851.jpg,quercus_cerris
images/22852.jpg,acer_palmatum
images/22853.jpg,magnolia_virginiana
images/22854.jpg,albizia_julibrissin
images/22855.jpg,staphylea_trifolia
images/22856.jpg,albizia_julibrissin
images/22857.jpg,albizia_julibrissin
images/22858.jpg,carpinus_caroliniana
images/22859.jpg,ulmus_rubra
images/22860.jpg,carpinus_caroliniana
images/22861.jpg,picea_pungens
images/22862.jpg,magnolia_virginiana
images/22863.jpg,albizia_julibrissin
images/22864.jpg,crataegus_laevigata
images/22865.jpg,albizia_julibrissin
images/22866.jpg,salix_matsudana
images/22867.jpg,prunus_sargentii
images/22868.jpg,oxydendrum_arboreum
images/22869.jpg,pseudolarix_amabilis
images/22870.jpg,ulmus_rubra
images/22871.jpg,maclura_pomifera
images/22872.jpg,magnolia_virginiana
images/22873.jpg,pinus_flexilis
images/22874.jpg,pinus_virginiana
images/22875.jpg,acer_negundo
images/22876.jpg,quercus_palustris
images/22877.jpg,prunus_sargentii
images/22878.jpg,stewartia_pseudocamellia
images/22879.jpg,prunus_sargentii
images/22880.jpg,oxydendrum_arboreum
images/22881.jpg,maclura_pomifera
images/22882.jpg,maclura_pomifera
images/22883.jpg,maclura_pomifera
images/22884.jpg,quercus_cerris
images/22885.jpg,quercus_muehlenbergii
images/22886.jpg,salix_nigra
images/22887.jpg,cryptomeria_japonica
images/22888.jpg,quercus_palustris
images/22889.jpg,salix_nigra
images/22890.jpg,quercus_palustris
images/22891.jpg,pinus_flexilis
images/22892.jpg,pinus_flexilis
images/22893.jpg,acer_palmatum
images/22894.jpg,magnolia_virginiana
images/22895.jpg,picea_pungens
images/22896.jpg,albizia_julibrissin
images/22897.jpg,prunus_sargentii
images/22898.jpg,pinus_virginiana
images/22899.jpg,populus_deltoides
images/22900.jpg,maclura_pomifera
images/22901.jpg,pinus_flexilis
images/22902.jpg,carpinus_caroliniana
images/22903.jpg,pinus_virginiana
images/22904.jpg,fraxinus_nigra
images/22905.jpg,pinus_flexilis
images/22906.jpg,betula_nigra
images/22907.jpg,pinus_flexilis
images/22908.jpg,catalpa_bignonioides
images/22909.jpg,acer_palmatum
images/22910.jpg,crataegus_laevigata
images/22911.jpg,albizia_julibrissin
images/22912.jpg,carpinus_caroliniana
images/22913.jpg,albizia_julibrissin
images/22914.jpg,picea_pungens
images/22915.jpg,magnolia_virginiana
images/22916.jpg,ilex_opaca
images/22917.jpg,maclura_pomifera
images/22918.jpg,quercus_montana
images/22919.jpg,stewartia_pseudocamellia
images/22920.jpg,stewartia_pseudocamellia
images/22921.jpg,quercus_cerris
images/22922.jpg,carpinus_caroliniana
images/22923.jpg,juglans_nigra
images/22924.jpg,maclura_pomifera
images/22925.jpg,carya_cordiformis
images/22926.jpg,ulmus_rubra
images/22927.jpg,pinus_taeda
images/22928.jpg,ulmus_rubra
images/22929.jpg,metasequoia_glyptostroboides
images/22930.jpg,quercus_palustris
images/22931.jpg,magnolia_tripetala
images/22932.jpg,pinus_flexilis
images/22933.jpg,albizia_julibrissin
images/22934.jpg,cryptomeria_japonica
images/22935.jpg,albizia_julibrissin
images/22936.jpg,picea_pungens
images/22937.jpg,magnolia_virginiana
images/22938.jpg,carpinus_caroliniana
images/22939.jpg,quercus_palustris
images/22940.jpg,acer_negundo
images/22941.jpg,prunus_virginiana
images/22942.jpg,picea_pungens
images/22943.jpg,asimina_triloba
images/22944.jpg,oxydendrum_arboreum
images/22945.jpg,salix_babylonica
images/22946.jpg,picea_pungens
images/22947.jpg,albizia_julibrissin
images/22948.jpg,maclura_pomifera
images/22949.jpg,pinus_flexilis
images/22950.jpg,ailanthus_altissima
images/22951.jpg,albizia_julibrissin
images/22952.jpg,cryptomeria_japonica
images/22953.jpg,acer_palmatum
images/22954.jpg,acer_ginnala
images/22955.jpg,juglans_nigra
images/22956.jpg,pinus_virginiana
images/22957.jpg,picea_pungens
images/22958.jpg,salix_matsudana
images/22959.jpg,magnolia_virginiana
images/22960.jpg,fagus_grandifolia
images/22961.jpg,acer_palmatum
images/22962.jpg,albizia_julibrissin
images/22963.jpg,picea_pungens
images/22964.jpg,maclura_pomifera
images/22965.jpg,magnolia_virginiana
images/22966.jpg,magnolia_virginiana
images/22967.jpg,maclura_pomifera
images/22968.jpg,quercus_cerris
images/22969.jpg,magnolia_virginiana
images/22970.jpg,pinus_flexilis
images/22971.jpg,magnolia_virginiana
images/22972.jpg,prunus_sargentii
images/22973.jpg,cryptomeria_japonica
images/22974.jpg,pinus_flexilis
images/22975.jpg,acer_negundo
images/22976.jpg,magnolia_virginiana
images/22977.jpg,carpinus_caroliniana
images/22978.jpg,magnolia_virginiana
images/22979.jpg,quercus_palustris
images/22980.jpg,quercus_palustris
images/22981.jpg,albizia_julibrissin
images/22982.jpg,ulmus_rubra
images/22983.jpg,carpinus_caroliniana
images/22984.jpg,maclura_pomifera
images/22985.jpg,pinus_flexilis
images/22986.jpg,albizia_julibrissin
images/22987.jpg,fraxinus_nigra
images/22988.jpg,carpinus_caroliniana
images/22989.jpg,staphylea_trifolia
images/22990.jpg,robinia_pseudo-acacia
images/22991.jpg,picea_pungens
images/22992.jpg,pinus_flexilis
images/22993.jpg,diospyros_virginiana
images/22994.jpg,magnolia_virginiana
images/22995.jpg,carpinus_caroliniana
images/22996.jpg,picea_orientalis
images/22997.jpg,oxydendrum_arboreum
images/22998.jpg,cryptomeria_japonica
images/22999.jpg,acer_palmatum
images/23000.jpg,acer_palmatum
images/23001.jpg,crataegus_viridis
images/23002.jpg,magnolia_virginiana
images/23003.jpg,ulmus_rubra
images/23004.jpg,albizia_julibrissin
images/23005.jpg,pinus_flexilis
images/23006.jpg,quercus_alba
images/23007.jpg,acer_negundo
images/23008.jpg,magnolia_virginiana
images/23009.jpg,pinus_flexilis
images/23010.jpg,picea_pungens
images/23011.jpg,pinus_flexilis
images/23012.jpg,albizia_julibrissin
images/23013.jpg,quercus_cerris
images/23014.jpg,maclura_pomifera
images/23015.jpg,maclura_pomifera
images/23016.jpg,crataegus_viridis
images/23017.jpg,ptelea_trifoliata
images/23018.jpg,carpinus_caroliniana
images/23019.jpg,fraxinus_nigra
images/23020.jpg,quercus_alba
images/23021.jpg,magnolia_virginiana
images/23022.jpg,crataegus_viridis
images/23023.jpg,salix_babylonica
images/23024.jpg,oxydendrum_arboreum
images/23025.jpg,oxydendrum_arboreum
images/23026.jpg,albizia_julibrissin
images/23027.jpg,maclura_pomifera
images/23028.jpg,carpinus_caroliniana
images/23029.jpg,pinus_flexilis
images/23030.jpg,albizia_julibrissin
images/23031.jpg,crataegus_viridis
images/23032.jpg,stewartia_pseudocamellia
images/23033.jpg,maclura_pomifera
images/23034.jpg,magnolia_virginiana
images/23035.jpg,pinus_flexilis
images/23036.jpg,magnolia_virginiana
images/23037.jpg,ulmus_rubra
images/23038.jpg,magnolia_virginiana
images/23039.jpg,pinus_flexilis
images/23040.jpg,quercus_palustris
images/23041.jpg,acer_palmatum
images/23042.jpg,quercus_cerris
images/23043.jpg,albizia_julibrissin
images/23044.jpg,betula_nigra
images/23045.jpg,pinus_flexilis
images/23046.jpg,cryptomeria_japonica
images/23047.jpg,salix_babylonica
images/23048.jpg,broussonettia_papyrifera
images/23049.jpg,ilex_opaca
images/23050.jpg,magnolia_virginiana
images/23051.jpg,ulmus_rubra
images/23052.jpg,crataegus_viridis
images/23053.jpg,acer_palmatum
images/23054.jpg,carpinus_caroliniana
images/23055.jpg,acer_palmatum
images/23056.jpg,pinus_peucea
images/23057.jpg,pinus_flexilis
images/23058.jpg,cryptomeria_japonica
images/23059.jpg,salix_babylonica
images/23060.jpg,magnolia_grandiflora
images/23061.jpg,crataegus_laevigata
images/23062.jpg,pinus_flexilis
images/23063.jpg,oxydendrum_arboreum
images/23064.jpg,salix_matsudana
images/23065.jpg,fraxinus_nigra
images/23066.jpg,magnolia_virginiana
images/23067.jpg,salix_babylonica
images/23068.jpg,maclura_pomifera
images/23069.jpg,pinus_cembra
images/23070.jpg,carpinus_caroliniana
images/23071.jpg,quercus_muehlenbergii
images/23072.jpg,quercus_acutissima
images/23073.jpg,magnolia_virginiana
images/23074.jpg,catalpa_bignonioides
images/23075.jpg,carpinus_caroliniana
images/23076.jpg,carpinus_caroliniana
images/23077.jpg,pinus_flexilis
images/23078.jpg,robinia_pseudo-acacia
images/23079.jpg,broussonettia_papyrifera
images/23080.jpg,albizia_julibrissin
images/23081.jpg,crataegus_viridis
images/23082.jpg,pinus_flexilis
images/23083.jpg,quercus_palustris
images/23084.jpg,staphylea_trifolia
images/23085.jpg,juglans_nigra
images/23086.jpg,salix_babylonica
images/23087.jpg,crataegus_viridis
images/23088.jpg,quercus_palustris
images/23089.jpg,acer_palmatum
images/23090.jpg,magnolia_virginiana
images/23091.jpg,picea_pungens
images/23092.jpg,albizia_julibrissin
images/23093.jpg,catalpa_bignonioides
images/23094.jpg,prunus_sargentii
images/23095.jpg,quercus_palustris
images/23096.jpg,salix_babylonica
images/23097.jpg,magnolia_virginiana
images/23098.jpg,cryptomeria_japonica
images/23099.jpg,ulmus_rubra
images/23100.jpg,prunus_sargentii
images/23101.jpg,acer_palmatum
images/23102.jpg,acer_ginnala
images/23103.jpg,catalpa_bignonioides
images/23104.jpg,carpinus_caroliniana
images/23105.jpg,albizia_julibrissin
images/23106.jpg,prunus_sargentii
images/23107.jpg,quercus_cerris
images/23108.jpg,cryptomeria_japonica
images/23109.jpg,quercus_muehlenbergii
images/23110.jpg,styrax_japonica
images/23111.jpg,pinus_flexilis
images/23112.jpg,pinus_virginiana
images/23113.jpg,pinus_flexilis
images/23114.jpg,pinus_flexilis
images/23115.jpg,acer_palmatum
images/23116.jpg,carpinus_caroliniana
images/23117.jpg,ulmus_rubra
images/23118.jpg,pinus_flexilis
images/23119.jpg,carpinus_caroliniana
images/23120.jpg,ulmus_rubra
images/23121.jpg,carpinus_caroliniana
images/23122.jpg,salix_matsudana
images/23123.jpg,fraxinus_nigra
images/23124.jpg,crataegus_viridis
images/23125.jpg,crataegus_viridis
images/23126.jpg,magnolia_virginiana
images/23127.jpg,acer_palmatum
images/23128.jpg,quercus_alba
images/23129.jpg,albizia_julibrissin
images/23130.jpg,quercus_cerris
images/23131.jpg,robinia_pseudo-acacia
images/23132.jpg,maclura_pomifera
images/23133.jpg,ulmus_rubra
images/23134.jpg,pinus_flexilis
images/23135.jpg,ilex_opaca
images/23136.jpg,ilex_opaca
images/23137.jpg,cryptomeria_japonica
images/23138.jpg,maclura_pomifera
images/23139.jpg,albizia_julibrissin
images/23140.jpg,quercus_cerris
images/23141.jpg,maclura_pomifera
images/23142.jpg,magnolia_virginiana
images/23143.jpg,pinus_flexilis
images/23144.jpg,ilex_opaca
images/23145.jpg,oxydendrum_arboreum
images/23146.jpg,staphylea_trifolia
images/23147.jpg,albizia_julibrissin
images/23148.jpg,metasequoia_glyptostroboides
images/23149.jpg,picea_pungens
images/23150.jpg,acer_saccharum
images/23151.jpg,salix_babylonica
images/23152.jpg,picea_pungens
images/23153.jpg,magnolia_virginiana
images/23154.jpg,picea_orientalis
images/23155.jpg,salix_matsudana
images/23156.jpg,magnolia_virginiana
images/23157.jpg,maclura_pomifera
images/23158.jpg,albizia_julibrissin
images/23159.jpg,albizia_julibrissin
images/23160.jpg,maclura_pomifera
images/23161.jpg,albizia_julibrissin
images/23162.jpg,quercus_cerris
images/23163.jpg,carpinus_caroliniana
images/23164.jpg,cryptomeria_japonica
images/23165.jpg,oxydendrum_arboreum
images/23166.jpg,ilex_opaca
images/23167.jpg,magnolia_virginiana
images/23168.jpg,pinus_flexilis
images/23169.jpg,magnolia_virginiana
images/23170.jpg,oxydendrum_arboreum
images/23171.jpg,quercus_alba
images/23172.jpg,magnolia_virginiana
images/23173.jpg,magnolia_virginiana
images/23174.jpg,crataegus_viridis
images/23175.jpg,magnolia_virginiana
images/23176.jpg,salix_babylonica
images/23177.jpg,carpinus_caroliniana
images/23178.jpg,quercus_cerris
images/23179.jpg,broussonettia_papyrifera
images/23180.jpg,pinus_flexilis
images/23181.jpg,magnolia_virginiana
images/23182.jpg,pinus_flexilis
images/23183.jpg,magnolia_virginiana
images/23184.jpg,magnolia_virginiana
images/23185.jpg,quercus_muehlenbergii
images/23186.jpg,albizia_julibrissin
images/23187.jpg,diospyros_virginiana
images/23188.jpg,ptelea_trifoliata
images/23189.jpg,pinus_flexilis
images/23190.jpg,picea_pungens
images/23191.jpg,maclura_pomifera
images/23192.jpg,acer_palmatum
images/23193.jpg,pinus_taeda
images/23194.jpg,albizia_julibrissin
images/23195.jpg,robinia_pseudo-acacia
images/23196.jpg,prunus_sargentii
images/23197.jpg,ptelea_trifoliata
images/23198.jpg,cercis_canadensis
images/23199.jpg,maclura_pomifera
images/23200.jpg,fraxinus_nigra
images/23201.jpg,quercus_alba
images/23202.jpg,acer_palmatum
images/23203.jpg,cryptomeria_japonica
images/23204.jpg,picea_pungens
images/23205.jpg,albizia_julibrissin
images/23206.jpg,carpinus_caroliniana
images/23207.jpg,broussonettia_papyrifera
images/23208.jpg,catalpa_bignonioides
images/23209.jpg,picea_pungens
images/23210.jpg,maclura_pomifera
images/23211.jpg,quercus_cerris
images/23212.jpg,albizia_julibrissin
images/23213.jpg,magnolia_virginiana
images/23214.jpg,magnolia_virginiana
images/23215.jpg,pinus_flexilis
images/23216.jpg,ulmus_rubra
images/23217.jpg,carpinus_caroliniana
images/23218.jpg,prunus_sargentii
images/23219.jpg,magnolia_virginiana
images/23220.jpg,maclura_pomifera
images/23221.jpg,magnolia_virginiana
images/23222.jpg,pinus_flexilis
images/23223.jpg,ilex_opaca
images/23224.jpg,crataegus_viridis
images/23225.jpg,acer_palmatum
images/23226.jpg,pinus_flexilis
images/23227.jpg,catalpa_bignonioides
images/23228.jpg,pinus_flexilis
images/23229.jpg,ulmus_rubra
images/23230.jpg,pinus_flexilis
images/23231.jpg,picea_pungens
images/23232.jpg,ulmus_rubra
images/23233.jpg,oxydendrum_arboreum
images/23234.jpg,salix_babylonica
images/23235.jpg,prunus_sargentii
images/23236.jpg,magnolia_virginiana
images/23237.jpg,magnolia_virginiana
images/23238.jpg,crataegus_viridis
images/23239.jpg,prunus_sargentii
images/23240.jpg,quercus_palustris
images/23241.jpg,crataegus_laevigata
images/23242.jpg,pinus_sylvestris
images/23243.jpg,pinus_virginiana
images/23244.jpg,magnolia_virginiana
images/23245.jpg,cryptomeria_japonica
images/23246.jpg,populus_deltoides
images/23247.jpg,maclura_pomifera
images/23248.jpg,carpinus_caroliniana
images/23249.jpg,quercus_velutina
images/23250.jpg,picea_pungens
images/23251.jpg,magnolia_virginiana
images/23252.jpg,cladrastis_lutea
images/23253.jpg,acer_palmatum
images/23254.jpg,acer_palmatum
images/23255.jpg,albizia_julibrissin
images/23256.jpg,ulmus_americana
images/23257.jpg,magnolia_virginiana
images/23258.jpg,magnolia_virginiana
images/23259.jpg,maclura_pomifera
images/23260.jpg,maclura_pomifera
images/23261.jpg,pinus_virginiana
images/23262.jpg,quercus_muehlenbergii
images/23263.jpg,pinus_cembra
images/23264.jpg,maclura_pomifera
images/23265.jpg,magnolia_virginiana
images/23266.jpg,albizia_julibrissin
images/23267.jpg,carpinus_caroliniana
images/23268.jpg,cladrastis_lutea
images/23269.jpg,salix_babylonica
images/23270.jpg,albizia_julibrissin
images/23271.jpg,quercus_alba
images/23272.jpg,maclura_pomifera
images/23273.jpg,picea_pungens
images/23274.jpg,cryptomeria_japonica
images/23275.jpg,quercus_cerris
images/23276.jpg,ulmus_rubra
images/23277.jpg,quercus_cerris
images/23278.jpg,fraxinus_nigra
images/23279.jpg,crataegus_viridis
images/23280.jpg,salix_matsudana
images/23281.jpg,robinia_pseudo-acacia
images/23282.jpg,diospyros_virginiana
images/23283.jpg,crataegus_viridis
images/23284.jpg,prunus_sargentii
images/23285.jpg,prunus_sargentii
images/23286.jpg,magnolia_virginiana
images/23287.jpg,carpinus_caroliniana
images/23288.jpg,crataegus_viridis
images/23289.jpg,pinus_flexilis
images/23290.jpg,carpinus_caroliniana
images/23291.jpg,quercus_muehlenbergii
images/23292.jpg,maclura_pomifera
images/23293.jpg,quercus_muehlenbergii
images/23294.jpg,carpinus_caroliniana
images/23295.jpg,maclura_pomifera
images/23296.jpg,robinia_pseudo-acacia
images/23297.jpg,carpinus_caroliniana
images/23298.jpg,ptelea_trifoliata
images/23299.jpg,albizia_julibrissin
images/23300.jpg,maclura_pomifera
images/23301.jpg,ulmus_rubra
images/23302.jpg,maclura_pomifera
images/23303.jpg,ulmus_rubra
images/23304.jpg,cryptomeria_japonica
images/23305.jpg,pinus_flexilis
images/23306.jpg,quercus_palustris
images/23307.jpg,quercus_palustris
images/23308.jpg,diospyros_virginiana
images/23309.jpg,maclura_pomifera
images/23310.jpg,prunus_sargentii
images/23311.jpg,oxydendrum_arboreum
images/23312.jpg,crataegus_viridis
images/23313.jpg,stewartia_pseudocamellia
images/23314.jpg,maclura_pomifera
images/23315.jpg,carpinus_caroliniana
images/23316.jpg,quercus_cerris
images/23317.jpg,oxydendrum_arboreum
images/23318.jpg,fraxinus_nigra
images/23319.jpg,pinus_flexilis
images/23320.jpg,robinia_pseudo-acacia
images/23321.jpg,magnolia_virginiana
images/23322.jpg,populus_deltoides
images/23323.jpg,maclura_pomifera
images/23324.jpg,pinus_virginiana
images/23325.jpg,ulmus_rubra
images/23326.jpg,albizia_julibrissin
images/23327.jpg,prunus_sargentii
images/23328.jpg,maclura_pomifera
images/23329.jpg,magnolia_virginiana
images/23330.jpg,maclura_pomifera
images/23331.jpg,picea_pungens
images/23332.jpg,pinus_taeda
images/23333.jpg,diospyros_virginiana
images/23334.jpg,magnolia_virginiana
images/23335.jpg,magnolia_virginiana
images/23336.jpg,ilex_opaca
images/23337.jpg,acer_negundo
images/23338.jpg,stewartia_pseudocamellia
images/23339.jpg,juniperus_virginiana
images/23340.jpg,prunus_sargentii
images/23341.jpg,pinus_flexilis
images/23342.jpg,juniperus_virginiana
images/23343.jpg,carpinus_caroliniana
images/23344.jpg,salix_babylonica
images/23345.jpg,albizia_julibrissin
images/23346.jpg,acer_palmatum
images/23347.jpg,pinus_flexilis
images/23348.jpg,prunus_sargentii
images/23349.jpg,metasequoia_glyptostroboides
images/23350.jpg,albizia_julibrissin
images/23351.jpg,acer_palmatum
images/23352.jpg,maclura_pomifera
images/23353.jpg,quercus_palustris
images/23354.jpg,quercus_montana
images/23355.jpg,maclura_pomifera
images/23356.jpg,maclura_pomifera
images/23357.jpg,populus_deltoides
images/23358.jpg,ulmus_rubra
images/23359.jpg,magnolia_virginiana
images/23360.jpg,acer_palmatum
images/23361.jpg,albizia_julibrissin
images/23362.jpg,magnolia_virginiana
images/23363.jpg,quercus_cerris
images/23364.jpg,quercus_cerris
images/23365.jpg,betula_nigra
images/23366.jpg,pinus_flexilis
images/23367.jpg,prunus_sargentii
images/23368.jpg,albizia_julibrissin
images/23369.jpg,pinus_flexilis
images/23370.jpg,acer_negundo
images/23371.jpg,carpinus_caroliniana
images/23372.jpg,maclura_pomifera
images/23373.jpg,pinus_cembra
images/23374.jpg,staphylea_trifolia
images/23375.jpg,diospyros_virginiana
images/23376.jpg,salix_babylonica
images/23377.jpg,acer_palmatum
images/23378.jpg,quercus_cerris
images/23379.jpg,carpinus_caroliniana
images/23380.jpg,fraxinus_nigra
images/23381.jpg,pinus_taeda
images/23382.jpg,magnolia_virginiana
images/23383.jpg,cryptomeria_japonica
images/23384.jpg,albizia_julibrissin
images/23385.jpg,acer_palmatum
images/23386.jpg,pinus_cembra
images/23387.jpg,cryptomeria_japonica
images/23388.jpg,robinia_pseudo-acacia
images/23389.jpg,quercus_palustris
images/23390.jpg,diospyros_virginiana
images/23391.jpg,maclura_pomifera
images/23392.jpg,ailanthus_altissima
images/23393.jpg,carpinus_caroliniana
images/23394.jpg,albizia_julibrissin
images/23395.jpg,ulmus_rubra
images/23396.jpg,quercus_cerris
images/23397.jpg,pinus_taeda
images/23398.jpg,prunus_sargentii
images/23399.jpg,carpinus_caroliniana
images/23400.jpg,quercus_palustris
images/23401.jpg,oxydendrum_arboreum
images/23402.jpg,acer_palmatum
images/23403.jpg,acer_negundo
images/23404.jpg,ulmus_rubra
images/23405.jpg,maclura_pomifera
images/23406.jpg,acer_negundo
images/23407.jpg,quercus_cerris
images/23408.jpg,asimina_triloba
images/23409.jpg,metasequoia_glyptostroboides
images/23410.jpg,maclura_pomifera
images/23411.jpg,albizia_julibrissin
images/23412.jpg,crataegus_viridis
images/23413.jpg,crataegus_viridis
images/23414.jpg,ulmus_rubra
images/23415.jpg,maclura_pomifera
images/23416.jpg,ulmus_rubra
images/23417.jpg,prunus_virginiana
images/23418.jpg,maclura_pomifera
images/23419.jpg,maclura_pomifera
images/23420.jpg,quercus_alba
images/23421.jpg,salix_babylonica
images/23422.jpg,quercus_cerris
images/23423.jpg,albizia_julibrissin
images/23424.jpg,maclura_pomifera
images/23425.jpg,prunus_pensylvanica
images/23426.jpg,fraxinus_nigra
images/23427.jpg,quercus_alba
images/23428.jpg,albizia_julibrissin
images/23429.jpg,carpinus_caroliniana
images/23430.jpg,picea_pungens
images/23431.jpg,magnolia_virginiana
images/23432.jpg,quercus_muehlenbergii
images/23433.jpg,carpinus_caroliniana
images/23434.jpg,magnolia_virginiana
images/23435.jpg,ulmus_americana
images/23436.jpg,pseudolarix_amabilis
images/23437.jpg,prunus_sargentii
images/23438.jpg,cryptomeria_japonica
images/23439.jpg,quercus_palustris
images/23440.jpg,carpinus_caroliniana
images/23441.jpg,ailanthus_altissima
images/23442.jpg,salix_babylonica
images/23443.jpg,maclura_pomifera
images/23444.jpg,pinus_sylvestris
images/23445.jpg,ilex_opaca
images/23446.jpg,picea_pungens
images/23447.jpg,pinus_flexilis
images/23448.jpg,maclura_pomifera
images/23449.jpg,acer_palmatum
images/23450.jpg,catalpa_bignonioides
images/23451.jpg,carpinus_caroliniana
images/23452.jpg,magnolia_virginiana
images/23453.jpg,pinus_flexilis
images/23454.jpg,ilex_opaca
images/23455.jpg,pinus_flexilis
images/23456.jpg,pinus_flexilis
images/23457.jpg,diospyros_virginiana
images/23458.jpg,broussonettia_papyrifera
images/23459.jpg,magnolia_virginiana
images/23460.jpg,ulmus_rubra
images/23461.jpg,magnolia_virginiana
images/23462.jpg,maclura_pomifera
images/23463.jpg,salix_nigra
images/23464.jpg,albizia_julibrissin
images/23465.jpg,picea_pungens
images/23466.jpg,acer_palmatum
images/23467.jpg,magnolia_virginiana
images/23468.jpg,albizia_julibrissin
images/23469.jpg,acer_negundo
images/23470.jpg,quercus_cerris
images/23471.jpg,prunus_sargentii
images/23472.jpg,fraxinus_nigra
images/23473.jpg,pinus_sylvestris
images/23474.jpg,oxydendrum_arboreum
images/23475.jpg,quercus_montana
images/23476.jpg,albizia_julibrissin
images/23477.jpg,salix_babylonica
images/23478.jpg,fraxinus_nigra
images/23479.jpg,albizia_julibrissin
images/23480.jpg,acer_negundo
images/23481.jpg,maclura_pomifera
images/23482.jpg,quercus_cerris
images/23483.jpg,magnolia_virginiana
images/23484.jpg,carpinus_caroliniana
images/23485.jpg,magnolia_virginiana
images/23486.jpg,quercus_palustris
images/23487.jpg,maclura_pomifera
images/23488.jpg,acer_palmatum
images/23489.jpg,magnolia_virginiana
images/23490.jpg,ailanthus_altissima
images/23491.jpg,ulmus_rubra
images/23492.jpg,ptelea_trifoliata
images/23493.jpg,ulmus_rubra
images/23494.jpg,pinus_flexilis
images/23495.jpg,carpinus_caroliniana
images/23496.jpg,albizia_julibrissin
images/23497.jpg,quercus_acutissima
images/23498.jpg,maclura_pomifera
images/23499.jpg,catalpa_bignonioides
images/23500.jpg,magnolia_tripetala
images/23501.jpg,carpinus_caroliniana
images/23502.jpg,fraxinus_nigra
images/23503.jpg,pinus_flexilis
images/23504.jpg,quercus_cerris
images/23505.jpg,albizia_julibrissin
images/23506.jpg,pinus_flexilis
images/23507.jpg,magnolia_virginiana
images/23508.jpg,quercus_alba
images/23509.jpg,prunus_sargentii
images/23510.jpg,pinus_flexilis
images/23511.jpg,quercus_cerris
images/23512.jpg,pinus_flexilis
images/23513.jpg,magnolia_virginiana
images/23514.jpg,ilex_opaca
images/23515.jpg,magnolia_virginiana
images/23516.jpg,maclura_pomifera
images/23517.jpg,maclura_pomifera
images/23518.jpg,acer_palmatum
images/23519.jpg,acer_palmatum
images/23520.jpg,maclura_pomifera
images/23521.jpg,catalpa_bignonioides
images/23522.jpg,picea_pungens
images/23523.jpg,albizia_julibrissin
images/23524.jpg,carpinus_caroliniana
images/23525.jpg,pinus_flexilis
images/23526.jpg,albizia_julibrissin
images/23527.jpg,stewartia_pseudocamellia
images/23528.jpg,pinus_virginiana
images/23529.jpg,pinus_flexilis
images/23530.jpg,carya_cordiformis
images/23531.jpg,salix_babylonica
images/23532.jpg,quercus_cerris
images/23533.jpg,magnolia_tripetala
images/23534.jpg,pinus_nigra
images/23535.jpg,salix_babylonica
images/23536.jpg,maclura_pomifera
images/23537.jpg,crataegus_viridis
images/23538.jpg,albizia_julibrissin
images/23539.jpg,pinus_flexilis
images/23540.jpg,carpinus_caroliniana
images/23541.jpg,quercus_cerris
images/23542.jpg,populus_deltoides
images/23543.jpg,quercus_palustris
images/23544.jpg,albizia_julibrissin
images/23545.jpg,prunus_sargentii
images/23546.jpg,diospyros_virginiana
images/23547.jpg,picea_pungens
images/23548.jpg,maclura_pomifera
images/23549.jpg,pinus_flexilis
images/23550.jpg,crataegus_viridis
images/23551.jpg,prunus_sargentii
images/23552.jpg,salix_babylonica
images/23553.jpg,quercus_cerris
images/23554.jpg,quercus_alba
images/23555.jpg,carpinus_caroliniana
images/23556.jpg,taxodium_distichum
images/23557.jpg,acer_palmatum
images/23558.jpg,populus_deltoides
images/23559.jpg,quercus_palustris
images/23560.jpg,fraxinus_nigra
images/23561.jpg,picea_pungens
images/23562.jpg,picea_pungens
images/23563.jpg,magnolia_virginiana
images/23564.jpg,carya_cordiformis
images/23565.jpg,magnolia_virginiana
images/23566.jpg,quercus_cerris
images/23567.jpg,picea_pungens
images/23568.jpg,pinus_flexilis
images/23569.jpg,quercus_palustris
images/23570.jpg,magnolia_virginiana
images/23571.jpg,quercus_palustris
images/23572.jpg,pinus_sylvestris
images/23573.jpg,diospyros_virginiana
images/23574.jpg,carpinus_caroliniana
images/23575.jpg,oxydendrum_arboreum
images/23576.jpg,picea_pungens
images/23577.jpg,oxydendrum_arboreum
images/23578.jpg,picea_pungens
images/23579.jpg,ulmus_rubra
images/23580.jpg,oxydendrum_arboreum
images/23581.jpg,pinus_sylvestris
images/23582.jpg,salix_babylonica
images/23583.jpg,pinus_flexilis
images/23584.jpg,picea_pungens
images/23585.jpg,quercus_alba
images/23586.jpg,pinus_flexilis
images/23587.jpg,magnolia_virginiana
images/23588.jpg,robinia_pseudo-acacia
images/23589.jpg,picea_pungens
images/23590.jpg,ulmus_rubra
images/23591.jpg,picea_pungens
images/23592.jpg,carpinus_caroliniana
images/23593.jpg,maclura_pomifera
images/23594.jpg,albizia_julibrissin
images/23595.jpg,oxydendrum_arboreum
images/23596.jpg,albizia_julibrissin
images/23597.jpg,quercus_cerris
images/23598.jpg,magnolia_virginiana
images/23599.jpg,acer_palmatum
images/23600.jpg,quercus_cerris
images/23601.jpg,pinus_flexilis
images/23602.jpg,robinia_pseudo-acacia
images/23603.jpg,picea_pungens
images/23604.jpg,ulmus_rubra
images/23605.jpg,fraxinus_nigra
images/23606.jpg,crataegus_viridis
images/23607.jpg,albizia_julibrissin
images/23608.jpg,magnolia_grandiflora
images/23609.jpg,prunus_sargentii
images/23610.jpg,ilex_opaca
images/23611.jpg,picea_pungens
images/23612.jpg,magnolia_virginiana
images/23613.jpg,populus_deltoides
images/23614.jpg,carpinus_caroliniana
images/23615.jpg,magnolia_virginiana
images/23616.jpg,magnolia_virginiana
images/23617.jpg,pinus_flexilis
images/23618.jpg,salix_matsudana
images/23619.jpg,ulmus_rubra
images/23620.jpg,cryptomeria_japonica
images/23621.jpg,maclura_pomifera
images/23622.jpg,oxydendrum_arboreum
images/23623.jpg,maclura_pomifera
images/23624.jpg,quercus_muehlenbergii
images/23625.jpg,picea_pungens
images/23626.jpg,fraxinus_nigra
images/23627.jpg,metasequoia_glyptostroboides
images/23628.jpg,ulmus_rubra
images/23629.jpg,pinus_flexilis
images/23630.jpg,fraxinus_nigra
images/23631.jpg,maclura_pomifera
images/23632.jpg,albizia_julibrissin
images/23633.jpg,stewartia_pseudocamellia
images/23634.jpg,quercus_muehlenbergii
images/23635.jpg,pinus_flexilis
images/23636.jpg,magnolia_grandiflora
images/23637.jpg,maclura_pomifera
images/23638.jpg,diospyros_virginiana
images/23639.jpg,picea_pungens
images/23640.jpg,acer_palmatum
images/23641.jpg,oxydendrum_arboreum
images/23642.jpg,fraxinus_nigra
images/23643.jpg,taxodium_distichum
images/23644.jpg,carpinus_caroliniana
images/23645.jpg,staphylea_trifolia
images/23646.jpg,pinus_flexilis
images/23647.jpg,broussonettia_papyrifera
images/23648.jpg,quercus_cerris
images/23649.jpg,albizia_julibrissin
images/23650.jpg,prunus_sargentii
images/23651.jpg,magnolia_virginiana
images/23652.jpg,prunus_sargentii
images/23653.jpg,fraxinus_nigra
images/23654.jpg,picea_pungens
images/23655.jpg,pseudolarix_amabilis
images/23656.jpg,quercus_muehlenbergii
images/23657.jpg,fraxinus_nigra
images/23658.jpg,pinus_flexilis
images/23659.jpg,fraxinus_nigra
images/23660.jpg,carpinus_caroliniana
images/23661.jpg,quercus_cerris
images/23662.jpg,albizia_julibrissin
images/23663.jpg,oxydendrum_arboreum
images/23664.jpg,oxydendrum_arboreum
images/23665.jpg,carpinus_caroliniana
images/23666.jpg,acer_ginnala
images/23667.jpg,fraxinus_nigra
images/23668.jpg,populus_deltoides
images/23669.jpg,juglans_nigra
images/23670.jpg,picea_pungens
images/23671.jpg,carpinus_caroliniana
images/23672.jpg,picea_pungens
images/23673.jpg,fraxinus_nigra
images/23674.jpg,maclura_pomifera
images/23675.jpg,albizia_julibrissin
images/23676.jpg,magnolia_virginiana
images/23677.jpg,crataegus_viridis
images/23678.jpg,magnolia_virginiana
images/23679.jpg,acer_palmatum
images/23680.jpg,acer_palmatum
images/23681.jpg,salix_babylonica
images/23682.jpg,magnolia_virginiana
images/23683.jpg,pinus_flexilis
images/23684.jpg,maclura_pomifera
images/23685.jpg,magnolia_virginiana
images/23686.jpg,albizia_julibrissin
images/23687.jpg,magnolia_virginiana
images/23688.jpg,picea_pungens
images/23689.jpg,magnolia_tripetala
images/23690.jpg,pinus_flexilis
images/23691.jpg,quercus_palustris
images/23692.jpg,magnolia_virginiana
images/23693.jpg,quercus_palustris
images/23694.jpg,magnolia_virginiana
images/23695.jpg,cercis_canadensis
images/23696.jpg,maclura_pomifera
images/23697.jpg,ilex_opaca
images/23698.jpg,picea_pungens
images/23699.jpg,magnolia_virginiana
images/23700.jpg,magnolia_virginiana
images/23701.jpg,quercus_palustris
images/23702.jpg,acer_palmatum
images/23703.jpg,maclura_pomifera
images/23704.jpg,maclura_pomifera
images/23705.jpg,cryptomeria_japonica
images/23706.jpg,oxydendrum_arboreum
images/23707.jpg,magnolia_virginiana
images/23708.jpg,pinus_flexilis
images/23709.jpg,maclura_pomifera
images/23710.jpg,ulmus_rubra
images/23711.jpg,pinus_nigra
images/23712.jpg,magnolia_virginiana
images/23713.jpg,ilex_opaca
images/23714.jpg,cryptomeria_japonica
images/23715.jpg,magnolia_virginiana
images/23716.jpg,magnolia_virginiana
images/23717.jpg,cryptomeria_japonica
images/23718.jpg,prunus_sargentii
images/23719.jpg,salix_babylonica
images/23720.jpg,quercus_alba
images/23721.jpg,prunus_sargentii
images/23722.jpg,salix_babylonica
images/23723.jpg,crataegus_viridis
images/23724.jpg,populus_deltoides
images/23725.jpg,ulmus_rubra
images/23726.jpg,carpinus_caroliniana
images/23727.jpg,quercus_cerris
images/23728.jpg,magnolia_virginiana
images/23729.jpg,salix_babylonica
images/23730.jpg,pinus_cembra
images/23731.jpg,magnolia_virginiana
images/23732.jpg,quercus_cerris
images/23733.jpg,prunus_sargentii
images/23734.jpg,maclura_pomifera
images/23735.jpg,salix_babylonica
images/23736.jpg,salix_matsudana
images/23737.jpg,pinus_flexilis
images/23738.jpg,carpinus_caroliniana
images/23739.jpg,quercus_montana
images/23740.jpg,prunus_sargentii
images/23741.jpg,cryptomeria_japonica
images/23742.jpg,picea_pungens
images/23743.jpg,magnolia_virginiana
images/23744.jpg,picea_pungens
images/23745.jpg,quercus_palustris
images/23746.jpg,pinus_flexilis
images/23747.jpg,magnolia_virginiana
images/23748.jpg,salix_babylonica
images/23749.jpg,magnolia_virginiana
images/23750.jpg,carpinus_caroliniana
images/23751.jpg,prunus_pensylvanica
images/23752.jpg,albizia_julibrissin
images/23753.jpg,cryptomeria_japonica
images/23754.jpg,prunus_sargentii
images/23755.jpg,albizia_julibrissin
images/23756.jpg,pinus_flexilis
images/23757.jpg,quercus_palustris
images/23758.jpg,albizia_julibrissin
images/23759.jpg,quercus_cerris
images/23760.jpg,picea_orientalis
images/23761.jpg,magnolia_tripetala
images/23762.jpg,magnolia_virginiana
images/23763.jpg,pinus_flexilis
images/23764.jpg,acer_palmatum
images/23765.jpg,crataegus_viridis
images/23766.jpg,picea_pungens
images/23767.jpg,carpinus_caroliniana
images/23768.jpg,maclura_pomifera
images/23769.jpg,salix_matsudana
images/23770.jpg,quercus_palustris
images/23771.jpg,quercus_cerris
images/23772.jpg,salix_babylonica
images/23773.jpg,magnolia_virginiana
images/23774.jpg,betula_nigra
images/23775.jpg,quercus_montana
images/23776.jpg,carpinus_caroliniana
images/23777.jpg,quercus_cerris
images/23778.jpg,albizia_julibrissin
images/23779.jpg,ulmus_rubra
images/23780.jpg,carpinus_caroliniana
images/23781.jpg,salix_babylonica
images/23782.jpg,magnolia_tripetala
images/23783.jpg,ailanthus_altissima
images/23784.jpg,acer_palmatum
images/23785.jpg,acer_palmatum
images/23786.jpg,cryptomeria_japonica
images/23787.jpg,acer_palmatum
images/23788.jpg,ilex_opaca
images/23789.jpg,asimina_triloba
images/23790.jpg,picea_pungens
images/23791.jpg,quercus_palustris
images/23792.jpg,oxydendrum_arboreum
images/23793.jpg,acer_palmatum
images/23794.jpg,fraxinus_nigra
images/23795.jpg,maclura_pomifera
images/23796.jpg,salix_babylonica
images/23797.jpg,ulmus_rubra
images/23798.jpg,ailanthus_altissima
images/23799.jpg,quercus_palustris
images/23800.jpg,cercis_canadensis
images/23801.jpg,quercus_muehlenbergii
images/23802.jpg,quercus_cerris
images/23803.jpg,cladrastis_lutea
images/23804.jpg,juniperus_virginiana
images/23805.jpg,acer_palmatum
images/23806.jpg,magnolia_virginiana
images/23807.jpg,salix_matsudana
images/23808.jpg,picea_orientalis
images/23809.jpg,salix_babylonica
images/23810.jpg,ilex_opaca
images/23811.jpg,quercus_cerris
images/23812.jpg,acer_palmatum
images/23813.jpg,carpinus_caroliniana
images/23814.jpg,acer_palmatum
images/23815.jpg,carpinus_caroliniana
images/23816.jpg,broussonettia_papyrifera
images/23817.jpg,quercus_cerris
images/23818.jpg,diospyros_virginiana
images/23819.jpg,quercus_cerris
images/23820.jpg,salix_matsudana
images/23821.jpg,albizia_julibrissin
images/23822.jpg,broussonettia_papyrifera
images/23823.jpg,quercus_marilandica
images/23824.jpg,quercus_muehlenbergii
images/23825.jpg,oxydendrum_arboreum
images/23826.jpg,carpinus_caroliniana
images/23827.jpg,acer_negundo
images/23828.jpg,metasequoia_glyptostroboides
images/23829.jpg,acer_negundo
images/23830.jpg,betula_nigra
images/23831.jpg,catalpa_bignonioides
images/23832.jpg,acer_palmatum
images/23833.jpg,acer_palmatum
images/23834.jpg,acer_palmatum
images/23835.jpg,magnolia_virginiana
images/23836.jpg,maclura_pomifera
images/23837.jpg,quercus_palustris
images/23838.jpg,albizia_julibrissin
images/23839.jpg,maclura_pomifera
images/23840.jpg,salix_babylonica
images/23841.jpg,ilex_opaca
images/23842.jpg,pinus_flexilis
images/23843.jpg,fraxinus_nigra
images/23844.jpg,magnolia_virginiana
images/23845.jpg,albizia_julibrissin
images/23846.jpg,acer_negundo
images/23847.jpg,ulmus_rubra
images/23848.jpg,diospyros_virginiana
images/23849.jpg,pinus_sylvestris
images/23850.jpg,picea_pungens
images/23851.jpg,pinus_flexilis
images/23852.jpg,maclura_pomifera
images/23853.jpg,halesia_tetraptera
images/23854.jpg,carpinus_caroliniana
images/23855.jpg,albizia_julibrissin
images/23856.jpg,diospyros_virginiana
images/23857.jpg,salix_babylonica
images/23858.jpg,albizia_julibrissin
images/23859.jpg,carpinus_caroliniana
images/23860.jpg,quercus_palustris
images/23861.jpg,albizia_julibrissin
images/23862.jpg,prunus_sargentii
images/23863.jpg,maclura_pomifera
images/23864.jpg,magnolia_virginiana
images/23865.jpg,oxydendrum_arboreum
images/23866.jpg,pinus_flexilis
images/23867.jpg,oxydendrum_arboreum
images/23868.jpg,magnolia_virginiana
images/23869.jpg,pinus_flexilis
images/23870.jpg,oxydendrum_arboreum
images/23871.jpg,robinia_pseudo-acacia
images/23872.jpg,prunus_sargentii
images/23873.jpg,cryptomeria_japonica
images/23874.jpg,ilex_opaca
images/23875.jpg,picea_orientalis
images/23876.jpg,robinia_pseudo-acacia
images/23877.jpg,pinus_taeda
images/23878.jpg,ulmus_rubra
images/23879.jpg,maclura_pomifera
images/23880.jpg,quercus_cerris
images/23881.jpg,magnolia_virginiana
images/23882.jpg,albizia_julibrissin
images/23883.jpg,quercus_cerris
images/23884.jpg,quercus_cerris
images/23885.jpg,cryptomeria_japonica
images/23886.jpg,picea_pungens
images/23887.jpg,prunus_sargentii
images/23888.jpg,maclura_pomifera
images/23889.jpg,ilex_opaca
images/23890.jpg,ulmus_rubra
images/23891.jpg,maclura_pomifera
images/23892.jpg,pinus_virginiana
images/23893.jpg,fraxinus_nigra
images/23894.jpg,magnolia_virginiana
images/23895.jpg,pinus_flexilis
images/23896.jpg,pinus_flexilis
images/23897.jpg,albizia_julibrissin
images/23898.jpg,magnolia_virginiana
images/23899.jpg,broussonettia_papyrifera
images/23900.jpg,albizia_julibrissin
images/23901.jpg,acer_palmatum
images/23902.jpg,carpinus_caroliniana
images/23903.jpg,cryptomeria_japonica
images/23904.jpg,maclura_pomifera
images/23905.jpg,carpinus_caroliniana
images/23906.jpg,prunus_sargentii
images/23907.jpg,carpinus_caroliniana
images/23908.jpg,stewartia_pseudocamellia
images/23909.jpg,quercus_alba
images/23910.jpg,prunus_sargentii
images/23911.jpg,quercus_muehlenbergii
images/23912.jpg,picea_pungens
images/23913.jpg,prunus_sargentii
images/23914.jpg,oxydendrum_arboreum
images/23915.jpg,pinus_flexilis
images/23916.jpg,pinus_peucea
images/23917.jpg,picea_orientalis
images/23918.jpg,maclura_pomifera
images/23919.jpg,pinus_sylvestris
images/23920.jpg,populus_deltoides
images/23921.jpg,albizia_julibrissin
images/23922.jpg,albizia_julibrissin
images/23923.jpg,pinus_flexilis
images/23924.jpg,pinus_taeda
images/23925.jpg,quercus_cerris
images/23926.jpg,crataegus_viridis
images/23927.jpg,carpinus_caroliniana
images/23928.jpg,oxydendrum_arboreum
images/23929.jpg,picea_pungens
images/23930.jpg,diospyros_virginiana
images/23931.jpg,pinus_flexilis
images/23932.jpg,maclura_pomifera
images/23933.jpg,fraxinus_nigra
images/23934.jpg,crataegus_viridis
images/23935.jpg,albizia_julibrissin
images/23936.jpg,quercus_muehlenbergii
images/23937.jpg,albizia_julibrissin
images/23938.jpg,pinus_virginiana
images/23939.jpg,prunus_pensylvanica
images/23940.jpg,ptelea_trifoliata
images/23941.jpg,maclura_pomifera
images/23942.jpg,albizia_julibrissin
images/23943.jpg,ulmus_rubra
images/23944.jpg,diospyros_virginiana
images/23945.jpg,salix_babylonica
images/23946.jpg,magnolia_virginiana
images/23947.jpg,pinus_flexilis
images/23948.jpg,acer_saccharum
images/23949.jpg,prunus_sargentii
images/23950.jpg,fraxinus_nigra
images/23951.jpg,picea_pungens
images/23952.jpg,catalpa_bignonioides
images/23953.jpg,ilex_opaca
images/23954.jpg,albizia_julibrissin
images/23955.jpg,magnolia_virginiana
images/23956.jpg,albizia_julibrissin
images/23957.jpg,albizia_julibrissin
images/23958.jpg,maclura_pomifera
images/23959.jpg,salix_babylonica
images/23960.jpg,pinus_flexilis
images/23961.jpg,carya_cordiformis
images/23962.jpg,oxydendrum_arboreum
images/23963.jpg,carya_cordiformis
images/23964.jpg,fraxinus_nigra
images/23965.jpg,magnolia_virginiana
images/23966.jpg,broussonettia_papyrifera
images/23967.jpg,maclura_pomifera
images/23968.jpg,pinus_flexilis
images/23969.jpg,salix_babylonica
images/23970.jpg,salix_nigra
images/23971.jpg,robinia_pseudo-acacia
images/23972.jpg,ulmus_americana
images/23973.jpg,picea_pungens
images/23974.jpg,albizia_julibrissin
images/23975.jpg,diospyros_virginiana
images/23976.jpg,carpinus_caroliniana
images/23977.jpg,catalpa_bignonioides
images/23978.jpg,pinus_flexilis
images/23979.jpg,albizia_julibrissin
images/23980.jpg,ilex_opaca
images/23981.jpg,acer_negundo
images/23982.jpg,ulmus_americana
images/23983.jpg,crataegus_viridis
images/23984.jpg,acer_negundo
images/23985.jpg,magnolia_virginiana
images/23986.jpg,albizia_julibrissin
images/23987.jpg,albizia_julibrissin
images/23988.jpg,albizia_julibrissin
images/23989.jpg,magnolia_virginiana
images/23990.jpg,oxydendrum_arboreum
images/23991.jpg,diospyros_virginiana
images/23992.jpg,quercus_palustris
images/23993.jpg,magnolia_virginiana
images/23994.jpg,fraxinus_nigra
images/23995.jpg,acer_negundo
images/23996.jpg,salix_babylonica
images/23997.jpg,albizia_julibrissin
images/23998.jpg,quercus_cerris
images/23999.jpg,magnolia_virginiana
images/24000.jpg,salix_babylonica
images/24001.jpg,acer_negundo
images/24002.jpg,acer_palmatum
images/24003.jpg,catalpa_bignonioides
images/24004.jpg,maclura_pomifera
images/24005.jpg,acer_palmatum
images/24006.jpg,magnolia_virginiana
images/24007.jpg,broussonettia_papyrifera
images/24008.jpg,pinus_flexilis
images/24009.jpg,ulmus_rubra
images/24010.jpg,quercus_acutissima
images/24011.jpg,salix_matsudana
images/24012.jpg,pinus_sylvestris
images/24013.jpg,magnolia_virginiana
images/24014.jpg,carpinus_caroliniana
images/24015.jpg,maclura_pomifera
images/24016.jpg,picea_pungens
images/24017.jpg,carpinus_caroliniana
images/24018.jpg,magnolia_virginiana
images/24019.jpg,oxydendrum_arboreum
images/24020.jpg,carpinus_caroliniana
images/24021.jpg,quercus_acutissima
images/24022.jpg,fraxinus_nigra
images/24023.jpg,maclura_pomifera
images/24024.jpg,salix_babylonica
images/24025.jpg,albizia_julibrissin
images/24026.jpg,prunus_sargentii
images/24027.jpg,betula_nigra
images/24028.jpg,carpinus_caroliniana
images/24029.jpg,magnolia_virginiana
images/24030.jpg,magnolia_virginiana
images/24031.jpg,diospyros_virginiana
images/24032.jpg,ulmus_rubra
images/24033.jpg,pinus_flexilis
images/24034.jpg,magnolia_virginiana
images/24035.jpg,pinus_flexilis
images/24036.jpg,pinus_flexilis
images/24037.jpg,pinus_flexilis
images/24038.jpg,maclura_pomifera
images/24039.jpg,prunus_sargentii
images/24040.jpg,populus_deltoides
images/24041.jpg,magnolia_virginiana
images/24042.jpg,quercus_cerris
images/24043.jpg,oxydendrum_arboreum
images/24044.jpg,maclura_pomifera
images/24045.jpg,fraxinus_nigra
images/24046.jpg,magnolia_virginiana
images/24047.jpg,oxydendrum_arboreum
images/24048.jpg,pinus_flexilis
images/24049.jpg,populus_deltoides
images/24050.jpg,pinus_flexilis
images/24051.jpg,populus_deltoides
images/24052.jpg,acer_palmatum
images/24053.jpg,magnolia_virginiana
images/24054.jpg,ilex_opaca
images/24055.jpg,acer_negundo
images/24056.jpg,albizia_julibrissin
images/24057.jpg,magnolia_virginiana
images/24058.jpg,albizia_julibrissin
images/24059.jpg,carpinus_caroliniana
images/24060.jpg,picea_pungens
images/24061.jpg,pinus_flexilis
images/24062.jpg,albizia_julibrissin
images/24063.jpg,magnolia_virginiana
images/24064.jpg,quercus_cerris
images/24065.jpg,carpinus_caroliniana
images/24066.jpg,stewartia_pseudocamellia
images/24067.jpg,salix_babylonica
images/24068.jpg,ulmus_rubra
images/24069.jpg,ulmus_rubra
images/24070.jpg,magnolia_virginiana
images/24071.jpg,carpinus_caroliniana
images/24072.jpg,crataegus_viridis
images/24073.jpg,maclura_pomifera
images/24074.jpg,magnolia_virginiana
images/24075.jpg,pinus_flexilis
images/24076.jpg,maclura_pomifera
images/24077.jpg,pinus_sylvestris
images/24078.jpg,magnolia_virginiana
images/24079.jpg,robinia_pseudo-acacia
images/24080.jpg,pinus_flexilis
images/24081.jpg,diospyros_virginiana
images/24082.jpg,ulmus_rubra
images/24083.jpg,cercis_canadensis
images/24084.jpg,pinus_cembra
images/24085.jpg,pinus_flexilis
images/24086.jpg,magnolia_virginiana
images/24087.jpg,albizia_julibrissin
images/24088.jpg,salix_babylonica
images/24089.jpg,prunus_sargentii
images/24090.jpg,quercus_acutissima
images/24091.jpg,albizia_julibrissin
images/24092.jpg,maclura_pomifera
images/24093.jpg,magnolia_virginiana
images/24094.jpg,prunus_sargentii
images/24095.jpg,quercus_alba
images/24096.jpg,maclura_pomifera
images/24097.jpg,magnolia_virginiana
images/24098.jpg,picea_pungens
images/24099.jpg,pseudolarix_amabilis
images/24100.jpg,salix_babylonica
images/24101.jpg,salix_babylonica
images/24102.jpg,pinus_taeda
images/24103.jpg,magnolia_virginiana
images/24104.jpg,maclura_pomifera
images/24105.jpg,ptelea_trifoliata
images/24106.jpg,ulmus_rubra
images/24107.jpg,quercus_palustris
images/24108.jpg,magnolia_virginiana
images/24109.jpg,magnolia_virginiana
images/24110.jpg,stewartia_pseudocamellia
images/24111.jpg,albizia_julibrissin
images/24112.jpg,albizia_julibrissin
images/24113.jpg,broussonettia_papyrifera
images/24114.jpg,ulmus_rubra
images/24115.jpg,pinus_cembra
images/24116.jpg,picea_pungens
images/24117.jpg,maclura_pomifera
images/24118.jpg,magnolia_virginiana
images/24119.jpg,quercus_alba
images/24120.jpg,picea_pungens
images/24121.jpg,picea_pungens
images/24122.jpg,magnolia_virginiana
images/24123.jpg,broussonettia_papyrifera
images/24124.jpg,cryptomeria_japonica
images/24125.jpg,quercus_alba
images/24126.jpg,fraxinus_nigra
images/24127.jpg,oxydendrum_arboreum
images/24128.jpg,crataegus_viridis
images/24129.jpg,picea_pungens
images/24130.jpg,pinus_flexilis
images/24131.jpg,pinus_flexilis
images/24132.jpg,magnolia_virginiana
images/24133.jpg,pinus_virginiana
images/24134.jpg,pinus_peucea
images/24135.jpg,magnolia_virginiana
images/24136.jpg,albizia_julibrissin
images/24137.jpg,carpinus_caroliniana
images/24138.jpg,magnolia_virginiana
images/24139.jpg,carpinus_caroliniana
images/24140.jpg,magnolia_virginiana
images/24141.jpg,prunus_sargentii
images/24142.jpg,salix_babylonica
images/24143.jpg,carpinus_caroliniana
images/24144.jpg,quercus_alba
images/24145.jpg,albizia_julibrissin
images/24146.jpg,pinus_flexilis
images/24147.jpg,ficus_carica
images/24148.jpg,albizia_julibrissin
images/24149.jpg,albizia_julibrissin
images/24150.jpg,diospyros_virginiana
images/24151.jpg,cryptomeria_japonica
images/24152.jpg,populus_deltoides
images/24153.jpg,crataegus_viridis
images/24154.jpg,quercus_alba
images/24155.jpg,prunus_sargentii
images/24156.jpg,quercus_palustris
images/24157.jpg,diospyros_virginiana
images/24158.jpg,pinus_flexilis
images/24159.jpg,picea_pungens
images/24160.jpg,magnolia_virginiana
images/24161.jpg,robinia_pseudo-acacia
images/24162.jpg,carpinus_caroliniana
images/24163.jpg,magnolia_tripetala
images/24164.jpg,picea_pungens
images/24165.jpg,pinus_flexilis
images/24166.jpg,maclura_pomifera
images/24167.jpg,ulmus_rubra
images/24168.jpg,quercus_palustris
images/24169.jpg,carpinus_caroliniana
images/24170.jpg,magnolia_virginiana
images/24171.jpg,quercus_alba
images/24172.jpg,acer_palmatum
images/24173.jpg,salix_matsudana
images/24174.jpg,acer_palmatum
images/24175.jpg,maclura_pomifera
images/24176.jpg,salix_babylonica
images/24177.jpg,magnolia_tripetala
images/24178.jpg,quercus_alba
images/24179.jpg,oxydendrum_arboreum
images/24180.jpg,crataegus_viridis
images/24181.jpg,acer_palmatum
images/24182.jpg,acer_palmatum
images/24183.jpg,magnolia_virginiana
images/24184.jpg,quercus_alba
images/24185.jpg,stewartia_pseudocamellia
images/24186.jpg,diospyros_virginiana
images/24187.jpg,oxydendrum_arboreum
images/24188.jpg,albizia_julibrissin
images/24189.jpg,magnolia_virginiana
images/24190.jpg,pinus_flexilis
images/24191.jpg,albizia_julibrissin
images/24192.jpg,acer_palmatum
images/24193.jpg,fraxinus_nigra
images/24194.jpg,carpinus_caroliniana
images/24195.jpg,magnolia_virginiana
images/24196.jpg,pinus_cembra
images/24197.jpg,magnolia_virginiana
images/24198.jpg,pinus_flexilis
images/24199.jpg,magnolia_virginiana
images/24200.jpg,oxydendrum_arboreum
images/24201.jpg,salix_matsudana
images/24202.jpg,albizia_julibrissin
images/24203.jpg,picea_pungens
images/24204.jpg,crataegus_viridis
images/24205.jpg,pinus_taeda
images/24206.jpg,prunus_sargentii
images/24207.jpg,carpinus_caroliniana
images/24208.jpg,quercus_alba
images/24209.jpg,quercus_cerris
images/24210.jpg,ilex_opaca
images/24211.jpg,salix_babylonica
images/24212.jpg,prunus_sargentii
images/24213.jpg,picea_pungens
images/24214.jpg,taxodium_distichum
images/24215.jpg,cryptomeria_japonica
images/24216.jpg,salix_matsudana
images/24217.jpg,broussonettia_papyrifera
images/24218.jpg,pinus_virginiana
images/24219.jpg,salix_babylonica
images/24220.jpg,pinus_flexilis
images/24221.jpg,picea_pungens
images/24222.jpg,betula_nigra
images/24223.jpg,albizia_julibrissin
images/24224.jpg,magnolia_virginiana
images/24225.jpg,carpinus_caroliniana
images/24226.jpg,picea_pungens
images/24227.jpg,diospyros_virginiana
images/24228.jpg,cryptomeria_japonica
images/24229.jpg,oxydendrum_arboreum
images/24230.jpg,picea_pungens
images/24231.jpg,prunus_virginiana
images/24232.jpg,magnolia_virginiana
images/24233.jpg,pinus_flexilis
images/24234.jpg,maclura_pomifera
images/24235.jpg,albizia_julibrissin
images/24236.jpg,quercus_palustris
images/24237.jpg,picea_pungens
images/24238.jpg,magnolia_virginiana
images/24239.jpg,maclura_pomifera
images/24240.jpg,magnolia_tripetala
images/24241.jpg,quercus_velutina
images/24242.jpg,magnolia_virginiana
images/24243.jpg,ilex_opaca
images/24244.jpg,maclura_pomifera
images/24245.jpg,carpinus_caroliniana
images/24246.jpg,crataegus_viridis
images/24247.jpg,acer_ginnala
images/24248.jpg,carpinus_caroliniana
images/24249.jpg,acer_negundo
images/24250.jpg,salix_babylonica
images/24251.jpg,magnolia_virginiana
images/24252.jpg,quercus_muehlenbergii
images/24253.jpg,ilex_opaca
images/24254.jpg,oxydendrum_arboreum
images/24255.jpg,broussonettia_papyrifera
images/24256.jpg,robinia_pseudo-acacia
images/24257.jpg,ulmus_rubra
images/24258.jpg,quercus_palustris
images/24259.jpg,magnolia_virginiana
images/24260.jpg,maclura_pomifera
images/24261.jpg,quercus_palustris
images/24262.jpg,magnolia_virginiana
images/24263.jpg,cryptomeria_japonica
images/24264.jpg,fraxinus_nigra
images/24265.jpg,salix_matsudana
images/24266.jpg,carpinus_caroliniana
images/24267.jpg,pinus_flexilis
images/24268.jpg,pseudolarix_amabilis
images/24269.jpg,quercus_alba
images/24270.jpg,carpinus_caroliniana
images/24271.jpg,quercus_montana
images/24272.jpg,picea_pungens
images/24273.jpg,salix_babylonica
images/24274.jpg,magnolia_virginiana
images/24275.jpg,magnolia_tripetala
images/24276.jpg,quercus_palustris
images/24277.jpg,fraxinus_nigra
images/24278.jpg,prunus_pensylvanica
images/24279.jpg,ulmus_rubra
images/24280.jpg,maclura_pomifera
images/24281.jpg,pinus_flexilis
images/24282.jpg,pinus_flexilis
images/24283.jpg,magnolia_virginiana
images/24284.jpg,carya_cordiformis
images/24285.jpg,acer_palmatum
images/24286.jpg,quercus_cerris
images/24287.jpg,carpinus_caroliniana
images/24288.jpg,acer_palmatum
images/24289.jpg,magnolia_virginiana
images/24290.jpg,picea_pungens
images/24291.jpg,quercus_cerris
images/24292.jpg,picea_pungens
images/24293.jpg,quercus_palustris
images/24294.jpg,quercus_cerris
images/24295.jpg,fraxinus_nigra
images/24296.jpg,populus_deltoides
images/24297.jpg,quercus_palustris
images/24298.jpg,carpinus_caroliniana
images/24299.jpg,salix_matsudana
images/24300.jpg,acer_palmatum
images/24301.jpg,picea_pungens
images/24302.jpg,pinus_peucea
images/24303.jpg,magnolia_acuminata
images/24304.jpg,pinus_taeda
images/24305.jpg,carpinus_caroliniana
images/24306.jpg,carya_cordiformis
images/24307.jpg,cryptomeria_japonica
images/24308.jpg,chamaecyparis_pisifera
images/24309.jpg,ulmus_rubra
images/24310.jpg,salix_babylonica
images/24311.jpg,quercus_alba
images/24312.jpg,ailanthus_altissima
images/24313.jpg,picea_pungens
images/24314.jpg,oxydendrum_arboreum
images/24315.jpg,carpinus_caroliniana
images/24316.jpg,fagus_grandifolia
images/24317.jpg,pinus_flexilis
images/24318.jpg,cryptomeria_japonica
images/24319.jpg,acer_negundo
images/24320.jpg,crataegus_viridis
images/24321.jpg,maclura_pomifera
images/24322.jpg,picea_pungens
images/24323.jpg,quercus_cerris
images/24324.jpg,carpinus_caroliniana
images/24325.jpg,quercus_acutissima
images/24326.jpg,carpinus_caroliniana
images/24327.jpg,maclura_pomifera
images/24328.jpg,quercus_cerris
images/24329.jpg,pinus_peucea
images/24330.jpg,robinia_pseudo-acacia
images/24331.jpg,metasequoia_glyptostroboides
images/24332.jpg,maclura_pomifera
images/24333.jpg,picea_pungens
images/24334.jpg,albizia_julibrissin
images/24335.jpg,pinus_taeda
images/24336.jpg,broussonettia_papyrifera
images/24337.jpg,carpinus_caroliniana
images/24338.jpg,maclura_pomifera
images/24339.jpg,carpinus_caroliniana
images/24340.jpg,pinus_taeda
images/24341.jpg,magnolia_virginiana
images/24342.jpg,carpinus_caroliniana
images/24343.jpg,ilex_opaca
images/24344.jpg,picea_pungens
images/24345.jpg,betula_nigra
images/24346.jpg,cladrastis_lutea
images/24347.jpg,oxydendrum_arboreum
images/24348.jpg,acer_palmatum
images/24349.jpg,prunus_sargentii
images/24350.jpg,albizia_julibrissin
images/24351.jpg,prunus_sargentii
images/24352.jpg,ailanthus_altissima
images/24353.jpg,picea_pungens
images/24354.jpg,maclura_pomifera
images/24355.jpg,acer_palmatum
images/24356.jpg,acer_negundo
images/24357.jpg,magnolia_virginiana
images/24358.jpg,cryptomeria_japonica
images/24359.jpg,crataegus_viridis
images/24360.jpg,broussonettia_papyrifera
images/24361.jpg,magnolia_tripetala
images/24362.jpg,magnolia_virginiana
images/24363.jpg,carpinus_caroliniana
images/24364.jpg,albizia_julibrissin
images/24365.jpg,fraxinus_nigra
images/24366.jpg,picea_pungens
images/24367.jpg,catalpa_bignonioides
images/24368.jpg,salix_matsudana
images/24369.jpg,taxodium_distichum
images/24370.jpg,picea_pungens
images/24371.jpg,crataegus_viridis
images/24372.jpg,pinus_flexilis
images/24373.jpg,quercus_alba
images/24374.jpg,salix_matsudana
images/24375.jpg,acer_palmatum
images/24376.jpg,acer_palmatum
images/24377.jpg,magnolia_grandiflora
images/24378.jpg,oxydendrum_arboreum
images/24379.jpg,quercus_acutissima
images/24380.jpg,broussonettia_papyrifera
images/24381.jpg,maclura_pomifera
images/24382.jpg,prunus_sargentii
images/24383.jpg,ptelea_trifoliata
images/24384.jpg,picea_pungens
images/24385.jpg,acer_negundo
images/24386.jpg,salix_babylonica
images/24387.jpg,quercus_cerris
images/24388.jpg,pinus_flexilis
images/24389.jpg,fraxinus_nigra
images/24390.jpg,salix_nigra
images/24391.jpg,acer_palmatum
images/24392.jpg,juglans_nigra
images/24393.jpg,magnolia_virginiana
images/24394.jpg,magnolia_virginiana
images/24395.jpg,magnolia_tripetala
images/24396.jpg,albizia_julibrissin
images/24397.jpg,acer_negundo
images/24398.jpg,albizia_julibrissin
images/24399.jpg,salix_babylonica
images/24400.jpg,ulmus_rubra
images/24401.jpg,populus_deltoides
images/24402.jpg,ulmus_rubra
images/24403.jpg,picea_pungens
images/24404.jpg,fraxinus_nigra
images/24405.jpg,metasequoia_glyptostroboides
images/24406.jpg,pinus_flexilis
images/24407.jpg,crataegus_viridis
images/24408.jpg,prunus_sargentii
images/24409.jpg,carpinus_caroliniana
images/24410.jpg,pinus_flexilis
images/24411.jpg,acer_palmatum
images/24412.jpg,maclura_pomifera
images/24413.jpg,quercus_alba
images/24414.jpg,oxydendrum_arboreum
images/24415.jpg,pinus_sylvestris
images/24416.jpg,quercus_cerris
images/24417.jpg,pinus_flexilis
images/24418.jpg,maclura_pomifera
images/24419.jpg,quercus_cerris
images/24420.jpg,acer_palmatum
images/24421.jpg,fraxinus_nigra
images/24422.jpg,pinus_flexilis
images/24423.jpg,magnolia_virginiana
images/24424.jpg,magnolia_virginiana
images/24425.jpg,diospyros_virginiana
images/24426.jpg,betula_nigra
images/24427.jpg,betula_nigra
images/24428.jpg,quercus_palustris
images/24429.jpg,pinus_flexilis
images/24430.jpg,quercus_alba
images/24431.jpg,albizia_julibrissin
images/24432.jpg,pinus_flexilis
images/24433.jpg,fraxinus_nigra
images/24434.jpg,magnolia_virginiana
images/24435.jpg,carpinus_caroliniana
images/24436.jpg,pinus_taeda
images/24437.jpg,acer_palmatum
images/24438.jpg,magnolia_virginiana
images/24439.jpg,crataegus_viridis
images/24440.jpg,magnolia_virginiana
images/24441.jpg,magnolia_virginiana
images/24442.jpg,picea_pungens
images/24443.jpg,picea_pungens
images/24444.jpg,quercus_cerris
images/24445.jpg,carpinus_caroliniana
images/24446.jpg,albizia_julibrissin
images/24447.jpg,oxydendrum_arboreum
images/24448.jpg,albizia_julibrissin
images/24449.jpg,taxodium_distichum
images/24450.jpg,quercus_cerris
images/24451.jpg,carpinus_caroliniana
images/24452.jpg,crataegus_viridis
images/24453.jpg,magnolia_virginiana
images/24454.jpg,albizia_julibrissin
images/24455.jpg,magnolia_virginiana
images/24456.jpg,pinus_virginiana
images/24457.jpg,crataegus_viridis
images/24458.jpg,crataegus_viridis
images/24459.jpg,maclura_pomifera
images/24460.jpg,quercus_palustris
images/24461.jpg,albizia_julibrissin
images/24462.jpg,albizia_julibrissin
images/24463.jpg,carpinus_caroliniana
images/24464.jpg,pinus_flexilis
images/24465.jpg,maclura_pomifera
images/24466.jpg,oxydendrum_arboreum
images/24467.jpg,magnolia_virginiana
images/24468.jpg,pinus_flexilis
images/24469.jpg,pseudolarix_amabilis
images/24470.jpg,crataegus_viridis
images/24471.jpg,crataegus_viridis
images/24472.jpg,pinus_flexilis
images/24473.jpg,albizia_julibrissin
images/24474.jpg,prunus_sargentii
images/24475.jpg,robinia_pseudo-acacia
images/24476.jpg,picea_pungens
images/24477.jpg,magnolia_virginiana
images/24478.jpg,magnolia_grandiflora
images/24479.jpg,pinus_flexilis
images/24480.jpg,magnolia_virginiana
images/24481.jpg,ilex_opaca
images/24482.jpg,magnolia_virginiana
images/24483.jpg,ailanthus_altissima
images/24484.jpg,magnolia_virginiana
images/24485.jpg,staphylea_trifolia
images/24486.jpg,pinus_flexilis
images/24487.jpg,magnolia_virginiana
images/24488.jpg,maclura_pomifera
images/24489.jpg,acer_ginnala
images/24490.jpg,maclura_pomifera
images/24491.jpg,magnolia_virginiana
images/24492.jpg,albizia_julibrissin
images/24493.jpg,picea_pungens
images/24494.jpg,ilex_opaca
images/24495.jpg,asimina_triloba
images/24496.jpg,pinus_flexilis
images/24497.jpg,ilex_opaca
images/24498.jpg,quercus_montana
images/24499.jpg,carpinus_caroliniana
images/24500.jpg,picea_pungens
images/24501.jpg,acer_palmatum
images/24502.jpg,magnolia_virginiana
images/24503.jpg,maclura_pomifera
images/24504.jpg,quercus_acutissima
images/24505.jpg,quercus_cerris
images/24506.jpg,maclura_pomifera
images/24507.jpg,albizia_julibrissin
images/24508.jpg,magnolia_virginiana
images/24509.jpg,picea_pungens
images/24510.jpg,prunus_sargentii
images/24511.jpg,magnolia_virginiana
images/24512.jpg,cryptomeria_japonica
images/24513.jpg,pinus_virginiana
images/24514.jpg,magnolia_virginiana
images/24515.jpg,quercus_cerris
images/24516.jpg,ailanthus_altissima
images/24517.jpg,broussonettia_papyrifera
images/24518.jpg,magnolia_virginiana
images/24519.jpg,prunus_sargentii
images/24520.jpg,pinus_flexilis
images/24521.jpg,magnolia_virginiana
images/24522.jpg,picea_pungens
images/24523.jpg,ulmus_rubra
images/24524.jpg,pinus_cembra
images/24525.jpg,albizia_julibrissin
images/24526.jpg,maclura_pomifera
images/24527.jpg,pinus_taeda
images/24528.jpg,diospyros_virginiana
images/24529.jpg,ulmus_rubra
images/24530.jpg,prunus_sargentii
images/24531.jpg,albizia_julibrissin
images/24532.jpg,pinus_flexilis
images/24533.jpg,acer_palmatum
images/24534.jpg,quercus_cerris
images/24535.jpg,carpinus_caroliniana
images/24536.jpg,pinus_flexilis
images/24537.jpg,ulmus_rubra
images/24538.jpg,albizia_julibrissin
images/24539.jpg,diospyros_virginiana
images/24540.jpg,quercus_cerris
images/24541.jpg,betula_nigra
images/24542.jpg,albizia_julibrissin
images/24543.jpg,acer_palmatum
images/24544.jpg,diospyros_virginiana
images/24545.jpg,magnolia_virginiana
images/24546.jpg,carpinus_caroliniana
images/24547.jpg,cornus_florida
images/24548.jpg,carpinus_caroliniana
images/24549.jpg,maclura_pomifera
images/24550.jpg,prunus_sargentii
images/24551.jpg,pinus_flexilis
images/24552.jpg,picea_pungens
images/24553.jpg,carpinus_caroliniana
images/24554.jpg,picea_pungens
images/24555.jpg,quercus_cerris
images/24556.jpg,albizia_julibrissin
images/24557.jpg,albizia_julibrissin
images/24558.jpg,oxydendrum_arboreum
images/24559.jpg,magnolia_virginiana
images/24560.jpg,acer_palmatum
images/24561.jpg,quercus_cerris
images/24562.jpg,pinus_flexilis
images/24563.jpg,albizia_julibrissin
images/24564.jpg,quercus_palustris
images/24565.jpg,pinus_virginiana
images/24566.jpg,ulmus_rubra
images/24567.jpg,salix_babylonica
images/24568.jpg,pinus_flexilis
images/24569.jpg,magnolia_virginiana
images/24570.jpg,salix_matsudana
images/24571.jpg,salix_matsudana
images/24572.jpg,acer_palmatum
images/24573.jpg,pseudolarix_amabilis
images/24574.jpg,crataegus_viridis
images/24575.jpg,acer_palmatum
images/24576.jpg,quercus_palustris
images/24577.jpg,maclura_pomifera
images/24578.jpg,albizia_julibrissin
images/24579.jpg,acer_negundo
images/24580.jpg,prunus_virginiana
images/24581.jpg,pinus_flexilis
images/24582.jpg,picea_pungens
images/24583.jpg,albizia_julibrissin
images/24584.jpg,ulmus_rubra
images/24585.jpg,robinia_pseudo-acacia
images/24586.jpg,salix_babylonica
images/24587.jpg,pinus_virginiana
images/24588.jpg,diospyros_virginiana
images/24589.jpg,robinia_pseudo-acacia
images/24590.jpg,quercus_cerris
images/24591.jpg,cryptomeria_japonica
images/24592.jpg,pinus_flexilis
images/24593.jpg,maclura_pomifera
images/24594.jpg,magnolia_virginiana
images/24595.jpg,albizia_julibrissin
images/24596.jpg,magnolia_virginiana
images/24597.jpg,magnolia_virginiana
images/24598.jpg,magnolia_virginiana
images/24599.jpg,crataegus_viridis
images/24600.jpg,picea_pungens
images/24601.jpg,maclura_pomifera
images/24602.jpg,prunus_sargentii
images/24603.jpg,crataegus_viridis
images/24604.jpg,prunus_sargentii
images/24605.jpg,magnolia_virginiana
images/24606.jpg,picea_pungens
images/24607.jpg,pinus_flexilis
images/24608.jpg,quercus_muehlenbergii
images/24609.jpg,albizia_julibrissin
images/24610.jpg,crataegus_viridis
images/24611.jpg,ilex_opaca
images/24612.jpg,acer_palmatum
images/24613.jpg,acer_negundo
images/24614.jpg,pinus_sylvestris
images/24615.jpg,quercus_cerris
images/24616.jpg,carya_cordiformis
images/24617.jpg,prunus_sargentii
images/24618.jpg,magnolia_virginiana
images/24619.jpg,pinus_nigra
images/24620.jpg,albizia_julibrissin
images/24621.jpg,carpinus_caroliniana
images/24622.jpg,quercus_cerris
images/24623.jpg,quercus_cerris
images/24624.jpg,albizia_julibrissin
images/24625.jpg,pinus_flexilis
images/24626.jpg,magnolia_grandiflora
images/24627.jpg,fraxinus_nigra
images/24628.jpg,maclura_pomifera
images/24629.jpg,oxydendrum_arboreum
images/24630.jpg,acer_palmatum
images/24631.jpg,quercus_alba
images/24632.jpg,oxydendrum_arboreum
images/24633.jpg,prunus_sargentii
images/24634.jpg,pinus_flexilis
images/24635.jpg,quercus_cerris
images/24636.jpg,cryptomeria_japonica
images/24637.jpg,carpinus_caroliniana
images/24638.jpg,pinus_flexilis
images/24639.jpg,albizia_julibrissin
images/24640.jpg,picea_pungens
images/24641.jpg,maclura_pomifera
images/24642.jpg,fraxinus_nigra
images/24643.jpg,stewartia_pseudocamellia
images/24644.jpg,maclura_pomifera
images/24645.jpg,acer_palmatum
images/24646.jpg,oxydendrum_arboreum
images/24647.jpg,crataegus_viridis
images/24648.jpg,pinus_flexilis
images/24649.jpg,crataegus_viridis
images/24650.jpg,picea_orientalis
images/24651.jpg,populus_deltoides
images/24652.jpg,picea_pungens
images/24653.jpg,fraxinus_nigra
images/24654.jpg,magnolia_virginiana
images/24655.jpg,quercus_palustris
images/24656.jpg,maclura_pomifera
images/24657.jpg,pinus_flexilis
images/24658.jpg,robinia_pseudo-acacia
images/24659.jpg,carpinus_caroliniana
images/24660.jpg,populus_deltoides
images/24661.jpg,fraxinus_nigra
images/24662.jpg,cryptomeria_japonica
images/24663.jpg,quercus_cerris
images/24664.jpg,quercus_cerris
images/24665.jpg,crataegus_viridis
images/24666.jpg,pinus_flexilis
images/24667.jpg,pinus_flexilis
images/24668.jpg,pinus_virginiana
images/24669.jpg,acer_palmatum
images/24670.jpg,quercus_palustris
images/24671.jpg,quercus_alba
images/24672.jpg,quercus_alba
images/24673.jpg,oxydendrum_arboreum
images/24674.jpg,magnolia_virginiana
images/24675.jpg,carpinus_caroliniana
images/24676.jpg,ulmus_rubra
images/24677.jpg,magnolia_tripetala
images/24678.jpg,quercus_cerris
images/24679.jpg,carpinus_caroliniana
images/24680.jpg,pinus_flexilis
images/24681.jpg,carpinus_caroliniana
images/24682.jpg,magnolia_virginiana
images/24683.jpg,cryptomeria_japonica
images/24684.jpg,ulmus_rubra
images/24685.jpg,pinus_flexilis
images/24686.jpg,oxydendrum_arboreum
images/24687.jpg,maclura_pomifera
images/24688.jpg,populus_deltoides
images/24689.jpg,picea_pungens
images/24690.jpg,acer_palmatum
images/24691.jpg,carpinus_caroliniana
images/24692.jpg,carpinus_caroliniana
images/24693.jpg,prunus_sargentii
images/24694.jpg,magnolia_virginiana
images/24695.jpg,magnolia_virginiana
images/24696.jpg,quercus_cerris
images/24697.jpg,catalpa_bignonioides
images/24698.jpg,quercus_muehlenbergii
images/24699.jpg,magnolia_virginiana
images/24700.jpg,picea_pungens
images/24701.jpg,maclura_pomifera
images/24702.jpg,maclura_pomifera
images/24703.jpg,ulmus_rubra
images/24704.jpg,maclura_pomifera
images/24705.jpg,carpinus_caroliniana
images/24706.jpg,carpinus_caroliniana
images/24707.jpg,albizia_julibrissin
images/24708.jpg,robinia_pseudo-acacia
images/24709.jpg,pinus_flexilis
images/24710.jpg,oxydendrum_arboreum
images/24711.jpg,quercus_palustris
images/24712.jpg,salix_babylonica
images/24713.jpg,broussonettia_papyrifera
images/24714.jpg,acer_palmatum
images/24715.jpg,prunus_sargentii
images/24716.jpg,salix_matsudana
images/24717.jpg,maclura_pomifera
images/24718.jpg,crataegus_viridis
images/24719.jpg,oxydendrum_arboreum
images/24720.jpg,populus_deltoides
images/24721.jpg,magnolia_virginiana
images/24722.jpg,quercus_alba
images/24723.jpg,acer_negundo
images/24724.jpg,albizia_julibrissin
images/24725.jpg,fraxinus_nigra
images/24726.jpg,quercus_cerris
images/24727.jpg,quercus_cerris
images/24728.jpg,picea_pungens
images/24729.jpg,magnolia_virginiana
images/24730.jpg,betula_nigra
images/24731.jpg,carpinus_caroliniana
images/24732.jpg,metasequoia_glyptostroboides
images/24733.jpg,ulmus_rubra
images/24734.jpg,ulmus_rubra
images/24735.jpg,oxydendrum_arboreum
images/24736.jpg,quercus_muehlenbergii
images/24737.jpg,acer_palmatum
images/24738.jpg,oxydendrum_arboreum
images/24739.jpg,magnolia_virginiana
images/24740.jpg,oxydendrum_arboreum
images/24741.jpg,picea_pungens
images/24742.jpg,magnolia_grandiflora
images/24743.jpg,quercus_cerris
images/24744.jpg,prunus_sargentii
images/24745.jpg,carpinus_caroliniana
images/24746.jpg,magnolia_virginiana
images/24747.jpg,koelreuteria_paniculata
images/24748.jpg,albizia_julibrissin
images/24749.jpg,quercus_muehlenbergii
images/24750.jpg,quercus_cerris
images/24751.jpg,magnolia_virginiana
images/24752.jpg,picea_pungens
images/24753.jpg,prunus_sargentii
images/24754.jpg,quercus_palustris
images/24755.jpg,picea_pungens
images/24756.jpg,quercus_muehlenbergii
images/24757.jpg,ailanthus_altissima
images/24758.jpg,cryptomeria_japonica
images/24759.jpg,acer_negundo
images/24760.jpg,quercus_alba
images/24761.jpg,picea_pungens
images/24762.jpg,acer_palmatum
images/24763.jpg,pinus_sylvestris
images/24764.jpg,quercus_acutissima
images/24765.jpg,picea_pungens
images/24766.jpg,magnolia_virginiana
images/24767.jpg,carpinus_caroliniana
images/24768.jpg,prunus_sargentii
images/24769.jpg,stewartia_pseudocamellia
images/24770.jpg,salix_matsudana
images/24771.jpg,carpinus_caroliniana
images/24772.jpg,prunus_sargentii
images/24773.jpg,crataegus_viridis
images/24774.jpg,diospyros_virginiana
images/24775.jpg,pseudolarix_amabilis
images/24776.jpg,prunus_sargentii
images/24777.jpg,magnolia_virginiana
images/24778.jpg,magnolia_virginiana
images/24779.jpg,albizia_julibrissin
images/24780.jpg,oxydendrum_arboreum
images/24781.jpg,acer_palmatum
images/24782.jpg,quercus_alba
images/24783.jpg,pseudolarix_amabilis
images/24784.jpg,pinus_flexilis
images/24785.jpg,crataegus_laevigata
images/24786.jpg,cercis_canadensis
images/24787.jpg,magnolia_virginiana
images/24788.jpg,magnolia_virginiana
images/24789.jpg,ptelea_trifoliata
images/24790.jpg,salix_babylonica
images/24791.jpg,quercus_palustris
images/24792.jpg,magnolia_virginiana
images/24793.jpg,picea_orientalis
images/24794.jpg,magnolia_virginiana
images/24795.jpg,juglans_nigra
images/24796.jpg,carpinus_caroliniana
images/24797.jpg,ailanthus_altissima
images/24798.jpg,robinia_pseudo-acacia
images/24799.jpg,oxydendrum_arboreum
images/24800.jpg,magnolia_virginiana
images/24801.jpg,salix_babylonica
images/24802.jpg,albizia_julibrissin
images/24803.jpg,fraxinus_nigra
images/24804.jpg,cryptomeria_japonica
images/24805.jpg,carpinus_caroliniana
images/24806.jpg,crataegus_viridis
images/24807.jpg,oxydendrum_arboreum
images/24808.jpg,albizia_julibrissin
images/24809.jpg,quercus_palustris
images/24810.jpg,magnolia_virginiana
images/24811.jpg,albizia_julibrissin
images/24812.jpg,acer_negundo
images/24813.jpg,maclura_pomifera
images/24814.jpg,picea_pungens
images/24815.jpg,koelreuteria_paniculata
images/24816.jpg,carpinus_caroliniana
images/24817.jpg,quercus_cerris
images/24818.jpg,maclura_pomifera
images/24819.jpg,carpinus_caroliniana
images/24820.jpg,ailanthus_altissima
images/24821.jpg,magnolia_virginiana
images/24822.jpg,quercus_palustris
images/24823.jpg,albizia_julibrissin
images/24824.jpg,pinus_virginiana
images/24825.jpg,pinus_flexilis
images/24826.jpg,maclura_pomifera
images/24827.jpg,salix_babylonica
images/24828.jpg,koelreuteria_paniculata
images/24829.jpg,broussonettia_papyrifera
images/24830.jpg,pinus_flexilis
images/24831.jpg,pinus_flexilis
images/24832.jpg,picea_pungens
images/24833.jpg,magnolia_virginiana
images/24834.jpg,albizia_julibrissin
images/24835.jpg,picea_pungens
images/24836.jpg,maclura_pomifera
images/24837.jpg,juglans_nigra
images/24838.jpg,pinus_flexilis
images/24839.jpg,cryptomeria_japonica
images/24840.jpg,maclura_pomifera
images/24841.jpg,quercus_cerris
images/24842.jpg,magnolia_virginiana
images/24843.jpg,picea_pungens
images/24844.jpg,carya_cordiformis
images/24845.jpg,pinus_virginiana
images/24846.jpg,quercus_palustris
images/24847.jpg,quercus_palustris
images/24848.jpg,carpinus_caroliniana
images/24849.jpg,carpinus_caroliniana
images/24850.jpg,albizia_julibrissin
images/24851.jpg,pinus_flexilis
images/24852.jpg,carpinus_caroliniana
images/24853.jpg,crataegus_laevigata
images/24854.jpg,acer_palmatum
images/24855.jpg,acer_palmatum
images/24856.jpg,pinus_flexilis
images/24857.jpg,pinus_flexilis
images/24858.jpg,maclura_pomifera
images/24859.jpg,carpinus_caroliniana
images/24860.jpg,staphylea_trifolia
images/24861.jpg,albizia_julibrissin
images/24862.jpg,broussonettia_papyrifera
images/24863.jpg,oxydendrum_arboreum
images/24864.jpg,magnolia_virginiana
images/24865.jpg,pinus_flexilis
images/24866.jpg,robinia_pseudo-acacia
images/24867.jpg,oxydendrum_arboreum
images/24868.jpg,magnolia_virginiana
images/24869.jpg,acer_palmatum
images/24870.jpg,crataegus_laevigata
images/24871.jpg,pinus_flexilis
images/24872.jpg,acer_negundo
images/24873.jpg,magnolia_virginiana
images/24874.jpg,carpinus_caroliniana
images/24875.jpg,acer_ginnala
images/24876.jpg,broussonettia_papyrifera
images/24877.jpg,albizia_julibrissin
images/24878.jpg,picea_orientalis
images/24879.jpg,pinus_virginiana
images/24880.jpg,quercus_palustris
images/24881.jpg,oxydendrum_arboreum
images/24882.jpg,oxydendrum_arboreum
images/24883.jpg,carpinus_caroliniana
images/24884.jpg,pinus_sylvestris
images/24885.jpg,diospyros_virginiana
images/24886.jpg,ulmus_rubra
images/24887.jpg,acer_negundo
images/24888.jpg,magnolia_virginiana
images/24889.jpg,quercus_cerris
images/24890.jpg,picea_pungens
images/24891.jpg,juglans_nigra
images/24892.jpg,pinus_flexilis
images/24893.jpg,crataegus_laevigata
images/24894.jpg,magnolia_acuminata
images/24895.jpg,magnolia_virginiana
images/24896.jpg,robinia_pseudo-acacia
images/24897.jpg,quercus_palustris
images/24898.jpg,picea_pungens
images/24899.jpg,albizia_julibrissin
images/24900.jpg,albizia_julibrissin
images/24901.jpg,crataegus_laevigata
images/24902.jpg,magnolia_virginiana
images/24903.jpg,magnolia_virginiana
images/24904.jpg,prunus_sargentii
images/24905.jpg,magnolia_virginiana
images/24906.jpg,picea_pungens
images/24907.jpg,quercus_palustris
images/24908.jpg,cladrastis_lutea
images/24909.jpg,maclura_pomifera
images/24910.jpg,albizia_julibrissin
images/24911.jpg,robinia_pseudo-acacia
images/24912.jpg,crataegus_viridis
images/24913.jpg,magnolia_virginiana
images/24914.jpg,oxydendrum_arboreum
images/24915.jpg,picea_pungens
images/24916.jpg,magnolia_virginiana
images/24917.jpg,cryptomeria_japonica
images/24918.jpg,quercus_cerris
images/24919.jpg,carpinus_caroliniana
images/24920.jpg,quercus_palustris
images/24921.jpg,magnolia_virginiana
images/24922.jpg,acer_negundo
images/24923.jpg,quercus_palustris
images/24924.jpg,salix_matsudana
images/24925.jpg,magnolia_virginiana
images/24926.jpg,quercus_cerris
images/24927.jpg,carpinus_caroliniana
images/24928.jpg,catalpa_bignonioides
images/24929.jpg,quercus_palustris
images/24930.jpg,maclura_pomifera
images/24931.jpg,carpinus_caroliniana
images/24932.jpg,quercus_cerris
images/24933.jpg,picea_pungens
images/24934.jpg,quercus_palustris
images/24935.jpg,pseudolarix_amabilis
images/24936.jpg,ulmus_rubra
images/24937.jpg,asimina_triloba
images/24938.jpg,magnolia_virginiana
images/24939.jpg,pinus_flexilis
images/24940.jpg,quercus_alba
images/24941.jpg,albizia_julibrissin
images/24942.jpg,magnolia_virginiana
images/24943.jpg,ptelea_trifoliata
images/24944.jpg,pinus_taeda
images/24945.jpg,maclura_pomifera
images/24946.jpg,magnolia_grandiflora
images/24947.jpg,magnolia_virginiana
images/24948.jpg,stewartia_pseudocamellia
images/24949.jpg,magnolia_grandiflora
images/24950.jpg,picea_orientalis
images/24951.jpg,metasequoia_glyptostroboides
images/24952.jpg,quercus_cerris
images/24953.jpg,fraxinus_nigra
images/24954.jpg,pinus_flexilis
images/24955.jpg,ailanthus_altissima
images/24956.jpg,pinus_sylvestris
images/24957.jpg,prunus_sargentii
images/24958.jpg,ulmus_rubra
images/24959.jpg,cercis_canadensis
images/24960.jpg,diospyros_virginiana
images/24961.jpg,carya_cordiformis
images/24962.jpg,cryptomeria_japonica
images/24963.jpg,pinus_flexilis
images/24964.jpg,fraxinus_nigra
images/24965.jpg,acer_palmatum
images/24966.jpg,oxydendrum_arboreum
images/24967.jpg,pinus_flexilis
images/24968.jpg,quercus_alba
images/24969.jpg,albizia_julibrissin
images/24970.jpg,picea_pungens
images/24971.jpg,picea_pungens
images/24972.jpg,quercus_cerris
images/24973.jpg,prunus_sargentii
images/24974.jpg,acer_palmatum
images/24975.jpg,magnolia_virginiana
images/24976.jpg,pinus_flexilis
images/24977.jpg,crataegus_viridis
images/24978.jpg,magnolia_virginiana
images/24979.jpg,pinus_flexilis
images/24980.jpg,ulmus_rubra
images/24981.jpg,crataegus_laevigata
images/24982.jpg,prunus_sargentii
images/24983.jpg,prunus_pensylvanica
images/24984.jpg,crataegus_laevigata
images/24985.jpg,magnolia_virginiana
images/24986.jpg,broussonettia_papyrifera
images/24987.jpg,carpinus_caroliniana
images/24988.jpg,pinus_flexilis
images/24989.jpg,pinus_flexilis
images/24990.jpg,magnolia_virginiana
images/24991.jpg,pinus_flexilis
images/24992.jpg,quercus_palustris
images/24993.jpg,picea_pungens
images/24994.jpg,fraxinus_nigra
images/24995.jpg,robinia_pseudo-acacia
images/24996.jpg,salix_babylonica
images/24997.jpg,maclura_pomifera
images/24998.jpg,albizia_julibrissin
images/24999.jpg,pinus_flexilis
images/25000.jpg,ficus_carica
images/25001.jpg,pinus_flexilis
images/25002.jpg,diospyros_virginiana
images/25003.jpg,magnolia_virginiana
images/25004.jpg,picea_pungens
images/25005.jpg,carpinus_caroliniana
images/25006.jpg,pinus_nigra
images/25007.jpg,magnolia_virginiana
images/25008.jpg,magnolia_virginiana
images/25009.jpg,albizia_julibrissin
images/25010.jpg,salix_babylonica
images/25011.jpg,quercus_cerris
images/25012.jpg,maclura_pomifera
images/25013.jpg,pinus_flexilis
images/25014.jpg,betula_nigra
images/25015.jpg,magnolia_virginiana
images/25016.jpg,maclura_pomifera
images/25017.jpg,fraxinus_nigra
images/25018.jpg,populus_deltoides
images/25019.jpg,salix_matsudana
images/25020.jpg,quercus_palustris
images/25021.jpg,pinus_virginiana
images/25022.jpg,acer_negundo
images/25023.jpg,prunus_pensylvanica
images/25024.jpg,quercus_palustris
images/25025.jpg,pinus_flexilis
images/25026.jpg,ulmus_rubra
images/25027.jpg,albizia_julibrissin
images/25028.jpg,salix_babylonica
images/25029.jpg,quercus_cerris
images/25030.jpg,salix_matsudana
images/25031.jpg,pinus_flexilis
images/25032.jpg,acer_palmatum
images/25033.jpg,quercus_muehlenbergii
images/25034.jpg,picea_pungens
images/25035.jpg,quercus_cerris
images/25036.jpg,pinus_flexilis
images/25037.jpg,acer_palmatum
images/25038.jpg,magnolia_virginiana
images/25039.jpg,quercus_alba
images/25040.jpg,magnolia_virginiana
images/25041.jpg,fraxinus_nigra
images/25042.jpg,prunus_sargentii
images/25043.jpg,maclura_pomifera
images/25044.jpg,picea_pungens
images/25045.jpg,picea_orientalis
images/25046.jpg,pinus_taeda
images/25047.jpg,maclura_pomifera
images/25048.jpg,magnolia_virginiana
images/25049.jpg,betula_nigra
images/25050.jpg,quercus_cerris
images/25051.jpg,prunus_sargentii
images/25052.jpg,diospyros_virginiana
images/25053.jpg,magnolia_tripetala
images/25054.jpg,ailanthus_altissima
images/25055.jpg,quercus_cerris
images/25056.jpg,magnolia_virginiana
images/25057.jpg,diospyros_virginiana
images/25058.jpg,cryptomeria_japonica
images/25059.jpg,ulmus_rubra
images/25060.jpg,acer_palmatum
images/25061.jpg,albizia_julibrissin
images/25062.jpg,salix_babylonica
images/25063.jpg,salix_babylonica
images/25064.jpg,crataegus_viridis
images/25065.jpg,quercus_alba
images/25066.jpg,ulmus_americana
images/25067.jpg,maclura_pomifera
images/25068.jpg,carpinus_caroliniana
images/25069.jpg,magnolia_virginiana
images/25070.jpg,quercus_cerris
images/25071.jpg,crataegus_viridis
images/25072.jpg,cryptomeria_japonica
images/25073.jpg,prunus_sargentii
images/25074.jpg,maclura_pomifera
images/25075.jpg,carpinus_caroliniana
images/25076.jpg,acer_negundo
images/25077.jpg,prunus_sargentii
images/25078.jpg,quercus_cerris
images/25079.jpg,cryptomeria_japonica
images/25080.jpg,fraxinus_nigra
images/25081.jpg,crataegus_viridis
images/25082.jpg,acer_palmatum
images/25083.jpg,metasequoia_glyptostroboides
images/25084.jpg,magnolia_virginiana
images/25085.jpg,broussonettia_papyrifera
images/25086.jpg,ulmus_rubra
images/25087.jpg,carpinus_caroliniana
images/25088.jpg,pinus_flexilis
images/25089.jpg,maclura_pomifera
images/25090.jpg,pinus_flexilis
images/25091.jpg,prunus_pensylvanica
images/25092.jpg,pinus_flexilis
images/25093.jpg,magnolia_virginiana
images/25094.jpg,magnolia_virginiana
images/25095.jpg,quercus_palustris
images/25096.jpg,ulmus_rubra
images/25097.jpg,fraxinus_nigra
images/25098.jpg,magnolia_virginiana
images/25099.jpg,pinus_taeda
images/25100.jpg,quercus_cerris
images/25101.jpg,quercus_palustris
images/25102.jpg,quercus_palustris
images/25103.jpg,albizia_julibrissin
images/25104.jpg,crataegus_viridis
images/25105.jpg,albizia_julibrissin
images/25106.jpg,magnolia_virginiana
images/25107.jpg,albizia_julibrissin
images/25108.jpg,pinus_sylvestris
images/25109.jpg,albizia_julibrissin
images/25110.jpg,ailanthus_altissima
images/25111.jpg,pinus_taeda
images/25112.jpg,magnolia_virginiana
images/25113.jpg,acer_negundo
images/25114.jpg,maclura_pomifera
images/25115.jpg,acer_palmatum
images/25116.jpg,acer_negundo
images/25117.jpg,acer_negundo
images/25118.jpg,albizia_julibrissin
images/25119.jpg,carpinus_caroliniana
images/25120.jpg,carpinus_caroliniana
images/25121.jpg,cryptomeria_japonica
images/25122.jpg,pinus_cembra
images/25123.jpg,maclura_pomifera
images/25124.jpg,metasequoia_glyptostroboides
images/25125.jpg,acer_negundo
images/25126.jpg,salix_babylonica
images/25127.jpg,fraxinus_nigra
images/25128.jpg,maclura_pomifera
images/25129.jpg,oxydendrum_arboreum
images/25130.jpg,pinus_flexilis
images/25131.jpg,juglans_nigra
images/25132.jpg,cryptomeria_japonica
images/25133.jpg,pinus_flexilis
images/25134.jpg,metasequoia_glyptostroboides
images/25135.jpg,albizia_julibrissin
images/25136.jpg,maclura_pomifera
images/25137.jpg,salix_babylonica
images/25138.jpg,acer_palmatum
images/25139.jpg,quercus_alba
images/25140.jpg,acer_palmatum
images/25141.jpg,pinus_sylvestris
images/25142.jpg,crataegus_viridis
images/25143.jpg,taxodium_distichum
images/25144.jpg,taxodium_distichum
images/25145.jpg,acer_negundo
images/25146.jpg,magnolia_virginiana
images/25147.jpg,crataegus_viridis
images/25148.jpg,salix_babylonica
images/25149.jpg,maclura_pomifera
images/25150.jpg,pinus_flexilis
images/25151.jpg,carpinus_caroliniana
images/25152.jpg,magnolia_tripetala
images/25153.jpg,picea_pungens
images/25154.jpg,maclura_pomifera
images/25155.jpg,quercus_montana
images/25156.jpg,populus_deltoides
images/25157.jpg,robinia_pseudo-acacia
images/25158.jpg,albizia_julibrissin
images/25159.jpg,carpinus_caroliniana
images/25160.jpg,pinus_flexilis
images/25161.jpg,pinus_virginiana
images/25162.jpg,acer_palmatum
images/25163.jpg,salix_matsudana
images/25164.jpg,populus_deltoides
images/25165.jpg,quercus_cerris
images/25166.jpg,magnolia_virginiana
images/25167.jpg,magnolia_virginiana
images/25168.jpg,carpinus_caroliniana
images/25169.jpg,acer_palmatum
images/25170.jpg,crataegus_viridis
images/25171.jpg,quercus_cerris
images/25172.jpg,picea_orientalis
images/25173.jpg,albizia_julibrissin
images/25174.jpg,maclura_pomifera
images/25175.jpg,crataegus_viridis
images/25176.jpg,robinia_pseudo-acacia
images/25177.jpg,prunus_sargentii
images/25178.jpg,quercus_cerris
images/25179.jpg,quercus_palustris
images/25180.jpg,quercus_cerris
images/25181.jpg,magnolia_virginiana
images/25182.jpg,maclura_pomifera
images/25183.jpg,prunus_sargentii
images/25184.jpg,oxydendrum_arboreum
images/25185.jpg,magnolia_virginiana
images/25186.jpg,pinus_taeda
images/25187.jpg,albizia_julibrissin
images/25188.jpg,fraxinus_nigra
images/25189.jpg,pinus_flexilis
images/25190.jpg,oxydendrum_arboreum
images/25191.jpg,pinus_flexilis
images/25192.jpg,albizia_julibrissin
images/25193.jpg,magnolia_virginiana
images/25194.jpg,pinus_flexilis
images/25195.jpg,picea_pungens
images/25196.jpg,broussonettia_papyrifera
images/25197.jpg,quercus_palustris
images/25198.jpg,albizia_julibrissin
images/25199.jpg,picea_orientalis
images/25200.jpg,prunus_sargentii
images/25201.jpg,pinus_flexilis
images/25202.jpg,staphylea_trifolia
images/25203.jpg,quercus_cerris
images/25204.jpg,magnolia_acuminata
images/25205.jpg,ulmus_rubra
images/25206.jpg,carpinus_caroliniana
images/25207.jpg,acer_negundo
images/25208.jpg,broussonettia_papyrifera
images/25209.jpg,albizia_julibrissin
images/25210.jpg,albizia_julibrissin
images/25211.jpg,picea_pungens
images/25212.jpg,magnolia_virginiana
images/25213.jpg,catalpa_bignonioides
images/25214.jpg,salix_babylonica
images/25215.jpg,magnolia_virginiana
images/25216.jpg,cryptomeria_japonica
images/25217.jpg,pinus_flexilis
images/25218.jpg,diospyros_virginiana
images/25219.jpg,magnolia_virginiana
images/25220.jpg,pinus_flexilis
images/25221.jpg,crataegus_viridis
images/25222.jpg,albizia_julibrissin
images/25223.jpg,picea_pungens
images/25224.jpg,diospyros_virginiana
images/25225.jpg,pseudolarix_amabilis
images/25226.jpg,albizia_julibrissin
images/25227.jpg,quercus_muehlenbergii
images/25228.jpg,crataegus_viridis
images/25229.jpg,albizia_julibrissin
images/25230.jpg,quercus_cerris
images/25231.jpg,albizia_julibrissin
images/25232.jpg,maclura_pomifera
images/25233.jpg,fraxinus_nigra
images/25234.jpg,salix_babylonica
images/25235.jpg,magnolia_virginiana
images/25236.jpg,carpinus_caroliniana
images/25237.jpg,ulmus_rubra
images/25238.jpg,cryptomeria_japonica
images/25239.jpg,pinus_peucea
images/25240.jpg,robinia_pseudo-acacia
images/25241.jpg,picea_pungens
images/25242.jpg,albizia_julibrissin
images/25243.jpg,ilex_opaca
images/25244.jpg,metasequoia_glyptostroboides
images/25245.jpg,picea_orientalis
images/25246.jpg,prunus_sargentii
images/25247.jpg,crataegus_viridis
images/25248.jpg,albizia_julibrissin
images/25249.jpg,juglans_nigra
images/25250.jpg,acer_palmatum
images/25251.jpg,quercus_cerris
images/25252.jpg,crataegus_laevigata
images/25253.jpg,oxydendrum_arboreum
images/25254.jpg,pinus_peucea
images/25255.jpg,pinus_flexilis
images/25256.jpg,quercus_cerris
images/25257.jpg,albizia_julibrissin
images/25258.jpg,acer_ginnala
images/25259.jpg,acer_ginnala
images/25260.jpg,acer_palmatum
images/25261.jpg,magnolia_tripetala
images/25262.jpg,diospyros_virginiana
images/25263.jpg,pinus_flexilis
images/25264.jpg,magnolia_tripetala
images/25265.jpg,magnolia_virginiana
images/25266.jpg,maclura_pomifera
images/25267.jpg,quercus_cerris
images/25268.jpg,quercus_acutissima
images/25269.jpg,pinus_flexilis
images/25270.jpg,crataegus_viridis
images/25271.jpg,quercus_cerris
images/25272.jpg,magnolia_virginiana
images/25273.jpg,oxydendrum_arboreum
images/25274.jpg,diospyros_virginiana
images/25275.jpg,quercus_alba
images/25276.jpg,quercus_montana
images/25277.jpg,carpinus_caroliniana
images/25278.jpg,prunus_sargentii
images/25279.jpg,magnolia_virginiana
images/25280.jpg,pinus_flexilis
images/25281.jpg,ailanthus_altissima
images/25282.jpg,pinus_sylvestris
images/25283.jpg,pinus_flexilis
images/25284.jpg,maclura_pomifera
images/25285.jpg,picea_pungens
images/25286.jpg,carpinus_caroliniana
images/25287.jpg,cryptomeria_japonica
images/25288.jpg,prunus_sargentii
images/25289.jpg,magnolia_virginiana
images/25290.jpg,pinus_flexilis
images/25291.jpg,cryptomeria_japonica
images/25292.jpg,crataegus_viridis
images/25293.jpg,maclura_pomifera
images/25294.jpg,maclura_pomifera
images/25295.jpg,acer_negundo
images/25296.jpg,oxydendrum_arboreum
images/25297.jpg,cryptomeria_japonica
images/25298.jpg,carpinus_caroliniana
images/25299.jpg,albizia_julibrissin
images/25300.jpg,ilex_opaca
images/25301.jpg,robinia_pseudo-acacia
images/25302.jpg,magnolia_virginiana
images/25303.jpg,pinus_flexilis
images/25304.jpg,salix_matsudana
images/25305.jpg,acer_palmatum
images/25306.jpg,acer_palmatum
images/25307.jpg,salix_nigra
images/25308.jpg,maclura_pomifera
images/25309.jpg,fraxinus_nigra
images/25310.jpg,crataegus_viridis
images/25311.jpg,fraxinus_nigra
images/25312.jpg,carpinus_caroliniana
images/25313.jpg,pinus_sylvestris
images/25314.jpg,salix_babylonica
images/25315.jpg,albizia_julibrissin
images/25316.jpg,magnolia_virginiana
images/25317.jpg,quercus_cerris
images/25318.jpg,picea_pungens
images/25319.jpg,fraxinus_nigra
images/25320.jpg,ulmus_americana
images/25321.jpg,magnolia_virginiana
images/25322.jpg,carpinus_caroliniana
images/25323.jpg,albizia_julibrissin
images/25324.jpg,prunus_sargentii
images/25325.jpg,fraxinus_nigra
images/25326.jpg,pinus_flexilis
images/25327.jpg,betula_nigra
images/25328.jpg,carya_cordiformis
images/25329.jpg,acer_saccharum
images/25330.jpg,prunus_sargentii
images/25331.jpg,quercus_palustris
images/25332.jpg,picea_pungens
images/25333.jpg,prunus_sargentii
images/25334.jpg,cryptomeria_japonica
images/25335.jpg,quercus_muehlenbergii
images/25336.jpg,prunus_sargentii
images/25337.jpg,crataegus_viridis
images/25338.jpg,picea_pungens
images/25339.jpg,magnolia_virginiana
images/25340.jpg,oxydendrum_arboreum
images/25341.jpg,asimina_triloba
images/25342.jpg,acer_palmatum
images/25343.jpg,salix_babylonica
images/25344.jpg,salix_nigra
images/25345.jpg,ilex_opaca
images/25346.jpg,carpinus_caroliniana
images/25347.jpg,juglans_nigra
images/25348.jpg,oxydendrum_arboreum
images/25349.jpg,albizia_julibrissin
images/25350.jpg,salix_matsudana
images/25351.jpg,carpinus_caroliniana
images/25352.jpg,quercus_cerris
images/25353.jpg,acer_palmatum
images/25354.jpg,maclura_pomifera
images/25355.jpg,carya_cordiformis
images/25356.jpg,pinus_flexilis
images/25357.jpg,albizia_julibrissin
images/25358.jpg,broussonettia_papyrifera
images/25359.jpg,magnolia_virginiana
images/25360.jpg,pinus_virginiana
images/25361.jpg,picea_pungens
images/25362.jpg,ilex_opaca
images/25363.jpg,acer_palmatum
images/25364.jpg,salix_matsudana
images/25365.jpg,acer_palmatum
images/25366.jpg,albizia_julibrissin
images/25367.jpg,albizia_julibrissin
images/25368.jpg,acer_palmatum
images/25369.jpg,magnolia_virginiana
images/25370.jpg,picea_pungens
images/25371.jpg,crataegus_viridis
images/25372.jpg,salix_babylonica
images/25373.jpg,crataegus_viridis
images/25374.jpg,picea_pungens
images/25375.jpg,oxydendrum_arboreum
images/25376.jpg,acer_palmatum
images/25377.jpg,maclura_pomifera
images/25378.jpg,picea_pungens
images/25379.jpg,quercus_cerris
images/25380.jpg,quercus_palustris
images/25381.jpg,magnolia_virginiana
images/25382.jpg,picea_pungens
images/25383.jpg,magnolia_tripetala
images/25384.jpg,pinus_flexilis
images/25385.jpg,oxydendrum_arboreum
images/25386.jpg,pinus_flexilis
images/25387.jpg,salix_babylonica
images/25388.jpg,acer_palmatum
images/25389.jpg,albizia_julibrissin
images/25390.jpg,pinus_flexilis
images/25391.jpg,pinus_virginiana
images/25392.jpg,ulmus_rubra
images/25393.jpg,quercus_palustris
images/25394.jpg,pinus_flexilis
images/25395.jpg,ulmus_rubra
images/25396.jpg,pinus_flexilis
images/25397.jpg,quercus_palustris
images/25398.jpg,quercus_palustris
images/25399.jpg,crataegus_viridis
images/25400.jpg,prunus_sargentii
images/25401.jpg,oxydendrum_arboreum
images/25402.jpg,carpinus_caroliniana
images/25403.jpg,magnolia_virginiana
images/25404.jpg,prunus_sargentii
images/25405.jpg,carpinus_caroliniana
images/25406.jpg,picea_orientalis
images/25407.jpg,salix_babylonica
images/25408.jpg,maclura_pomifera
images/25409.jpg,crataegus_viridis
images/25410.jpg,oxydendrum_arboreum
images/25411.jpg,maclura_pomifera
images/25412.jpg,albizia_julibrissin
images/25413.jpg,quercus_cerris
images/25414.jpg,pseudolarix_amabilis
images/25415.jpg,salix_babylonica
images/25416.jpg,carpinus_caroliniana
images/25417.jpg,salix_babylonica
images/25418.jpg,pinus_flexilis
images/25419.jpg,maclura_pomifera
images/25420.jpg,acer_palmatum
images/25421.jpg,pinus_cembra
images/25422.jpg,ailanthus_altissima
images/25423.jpg,broussonettia_papyrifera
images/25424.jpg,ulmus_rubra
images/25425.jpg,salix_babylonica
images/25426.jpg,quercus_palustris
images/25427.jpg,picea_pungens
images/25428.jpg,picea_pungens
images/25429.jpg,quercus_alba
images/25430.jpg,pinus_sylvestris
images/25431.jpg,quercus_cerris
images/25432.jpg,pinus_cembra
images/25433.jpg,maclura_pomifera
images/25434.jpg,picea_pungens
images/25435.jpg,acer_palmatum
images/25436.jpg,carpinus_caroliniana
images/25437.jpg,broussonettia_papyrifera
images/25438.jpg,maclura_pomifera
images/25439.jpg,pinus_flexilis
images/25440.jpg,pinus_flexilis
images/25441.jpg,pinus_flexilis
images/25442.jpg,quercus_palustris
images/25443.jpg,magnolia_virginiana
images/25444.jpg,pinus_flexilis
images/25445.jpg,picea_pungens
images/25446.jpg,albizia_julibrissin
images/25447.jpg,oxydendrum_arboreum
images/25448.jpg,carpinus_caroliniana
images/25449.jpg,carpinus_caroliniana
images/25450.jpg,maclura_pomifera
images/25451.jpg,acer_palmatum
images/25452.jpg,betula_nigra
images/25453.jpg,acer_ginnala
images/25454.jpg,maclura_pomifera
images/25455.jpg,magnolia_virginiana
images/25456.jpg,robinia_pseudo-acacia
images/25457.jpg,maclura_pomifera
images/25458.jpg,carpinus_caroliniana
images/25459.jpg,prunus_sargentii
images/25460.jpg,pinus_flexilis
images/25461.jpg,metasequoia_glyptostroboides
images/25462.jpg,quercus_alba
images/25463.jpg,pinus_virginiana
images/25464.jpg,maclura_pomifera
images/25465.jpg,pinus_flexilis
images/25466.jpg,oxydendrum_arboreum
images/25467.jpg,salix_babylonica
images/25468.jpg,quercus_cerris
images/25469.jpg,carya_cordiformis
images/25470.jpg,prunus_sargentii
images/25471.jpg,populus_deltoides
images/25472.jpg,pinus_flexilis
images/25473.jpg,pinus_flexilis
images/25474.jpg,quercus_alba
images/25475.jpg,crataegus_viridis
images/25476.jpg,picea_pungens
images/25477.jpg,prunus_sargentii
images/25478.jpg,quercus_palustris
images/25479.jpg,oxydendrum_arboreum
images/25480.jpg,fraxinus_nigra
images/25481.jpg,carya_cordiformis
images/25482.jpg,picea_pungens
images/25483.jpg,albizia_julibrissin
images/25484.jpg,salix_babylonica
images/25485.jpg,pinus_flexilis
images/25486.jpg,prunus_sargentii
images/25487.jpg,pinus_flexilis
images/25488.jpg,salix_babylonica
images/25489.jpg,diospyros_virginiana
images/25490.jpg,juniperus_virginiana
images/25491.jpg,acer_negundo
images/25492.jpg,quercus_muehlenbergii
images/25493.jpg,pinus_flexilis
images/25494.jpg,salix_babylonica
images/25495.jpg,magnolia_virginiana
images/25496.jpg,carpinus_caroliniana
images/25497.jpg,picea_pungens
images/25498.jpg,ulmus_rubra
images/25499.jpg,fraxinus_nigra
images/25500.jpg,broussonettia_papyrifera
images/25501.jpg,juglans_nigra
images/25502.jpg,pseudolarix_amabilis
images/25503.jpg,prunus_sargentii
images/25504.jpg,oxydendrum_arboreum
images/25505.jpg,quercus_acutissima
images/25506.jpg,magnolia_virginiana
images/25507.jpg,pinus_flexilis
images/25508.jpg,robinia_pseudo-acacia
images/25509.jpg,pinus_flexilis
images/25510.jpg,oxydendrum_arboreum
images/25511.jpg,quercus_alba
images/25512.jpg,ptelea_trifoliata
images/25513.jpg,broussonettia_papyrifera
images/25514.jpg,albizia_julibrissin
images/25515.jpg,quercus_cerris
images/25516.jpg,salix_babylonica
images/25517.jpg,ulmus_americana
images/25518.jpg,robinia_pseudo-acacia
images/25519.jpg,pseudolarix_amabilis
images/25520.jpg,picea_pungens
images/25521.jpg,albizia_julibrissin
images/25522.jpg,maclura_pomifera
images/25523.jpg,salix_matsudana
images/25524.jpg,prunus_sargentii
images/25525.jpg,maclura_pomifera
images/25526.jpg,acer_palmatum
images/25527.jpg,albizia_julibrissin
images/25528.jpg,carpinus_caroliniana
images/25529.jpg,quercus_alba
images/25530.jpg,pinus_flexilis
images/25531.jpg,quercus_montana
images/25532.jpg,robinia_pseudo-acacia
images/25533.jpg,crataegus_viridis
images/25534.jpg,quercus_cerris
images/25535.jpg,stewartia_pseudocamellia
images/25536.jpg,pinus_flexilis
images/25537.jpg,carpinus_caroliniana
images/25538.jpg,magnolia_virginiana
images/25539.jpg,ptelea_trifoliata
images/25540.jpg,broussonettia_papyrifera
images/25541.jpg,albizia_julibrissin
images/25542.jpg,fraxinus_nigra
images/25543.jpg,salix_babylonica
images/25544.jpg,quercus_muehlenbergii
images/25545.jpg,cladrastis_lutea
images/25546.jpg,pinus_virginiana
images/25547.jpg,albizia_julibrissin
images/25548.jpg,maclura_pomifera
images/25549.jpg,cryptomeria_japonica
images/25550.jpg,picea_pungens
images/25551.jpg,pinus_taeda
images/25552.jpg,acer_palmatum
images/25553.jpg,maclura_pomifera
images/25554.jpg,carpinus_caroliniana
images/25555.jpg,salix_babylonica
images/25556.jpg,carpinus_caroliniana
images/25557.jpg,salix_babylonica
images/25558.jpg,magnolia_virginiana
images/25559.jpg,quercus_acutissima
images/25560.jpg,magnolia_virginiana
images/25561.jpg,albizia_julibrissin
images/25562.jpg,cercis_canadensis
images/25563.jpg,broussonettia_papyrifera
images/25564.jpg,picea_pungens
images/25565.jpg,acer_palmatum
images/25566.jpg,crataegus_laevigata
images/25567.jpg,albizia_julibrissin
images/25568.jpg,populus_deltoides
images/25569.jpg,cryptomeria_japonica
images/25570.jpg,crataegus_viridis
images/25571.jpg,picea_orientalis
images/25572.jpg,carpinus_caroliniana
images/25573.jpg,acer_ginnala
images/25574.jpg,carpinus_caroliniana
images/25575.jpg,magnolia_virginiana
images/25576.jpg,ulmus_rubra
images/25577.jpg,catalpa_bignonioides
images/25578.jpg,albizia_julibrissin
images/25579.jpg,picea_pungens
images/25580.jpg,pinus_flexilis
images/25581.jpg,albizia_julibrissin
images/25582.jpg,carpinus_caroliniana
images/25583.jpg,acer_ginnala
images/25584.jpg,crataegus_laevigata
images/25585.jpg,quercus_cerris
images/25586.jpg,fraxinus_nigra
images/25587.jpg,quercus_palustris
images/25588.jpg,salix_babylonica
images/25589.jpg,maclura_pomifera
images/25590.jpg,quercus_palustris
images/25591.jpg,fraxinus_nigra
images/25592.jpg,betula_nigra
images/25593.jpg,crataegus_viridis
images/25594.jpg,magnolia_virginiana
images/25595.jpg,magnolia_virginiana
images/25596.jpg,juglans_cinerea
images/25597.jpg,magnolia_virginiana
images/25598.jpg,picea_pungens
images/25599.jpg,ulmus_rubra
images/25600.jpg,crataegus_viridis
images/25601.jpg,pinus_nigra
images/25602.jpg,betula_nigra
images/25603.jpg,maclura_pomifera
images/25604.jpg,quercus_cerris
images/25605.jpg,picea_pungens
images/25606.jpg,albizia_julibrissin
images/25607.jpg,albizia_julibrissin
images/25608.jpg,acer_palmatum
images/25609.jpg,maclura_pomifera
images/25610.jpg,pinus_taeda
images/25611.jpg,carpinus_caroliniana
images/25612.jpg,picea_pungens
images/25613.jpg,ulmus_rubra
images/25614.jpg,salix_babylonica
images/25615.jpg,acer_palmatum
images/25616.jpg,picea_pungens
images/25617.jpg,maclura_pomifera
images/25618.jpg,magnolia_acuminata
images/25619.jpg,pinus_flexilis
images/25620.jpg,picea_pungens
images/25621.jpg,carya_cordiformis
images/25622.jpg,picea_pungens
images/25623.jpg,maclura_pomifera
images/25624.jpg,cryptomeria_japonica
images/25625.jpg,prunus_sargentii
images/25626.jpg,salix_babylonica
images/25627.jpg,oxydendrum_arboreum
images/25628.jpg,carpinus_caroliniana
images/25629.jpg,pinus_flexilis
images/25630.jpg,quercus_alba
images/25631.jpg,quercus_cerris
images/25632.jpg,magnolia_virginiana
images/25633.jpg,quercus_cerris
images/25634.jpg,pinus_flexilis
images/25635.jpg,quercus_cerris
images/25636.jpg,pinus_flexilis
images/25637.jpg,pinus_flexilis
images/25638.jpg,metasequoia_glyptostroboides
images/25639.jpg,oxydendrum_arboreum
images/25640.jpg,quercus_palustris
images/25641.jpg,pinus_flexilis
images/25642.jpg,cryptomeria_japonica
images/25643.jpg,acer_palmatum
images/25644.jpg,prunus_sargentii
images/25645.jpg,magnolia_virginiana
images/25646.jpg,crataegus_viridis
images/25647.jpg,albizia_julibrissin
images/25648.jpg,salix_babylonica
images/25649.jpg,prunus_sargentii
images/25650.jpg,magnolia_tripetala
images/25651.jpg,quercus_acutissima
images/25652.jpg,pinus_flexilis
images/25653.jpg,carpinus_caroliniana
images/25654.jpg,crataegus_viridis
images/25655.jpg,ulmus_rubra
images/25656.jpg,metasequoia_glyptostroboides
images/25657.jpg,diospyros_virginiana
images/25658.jpg,crataegus_viridis
images/25659.jpg,albizia_julibrissin
images/25660.jpg,pinus_flexilis
images/25661.jpg,diospyros_virginiana
images/25662.jpg,diospyros_virginiana
images/25663.jpg,pinus_flexilis
images/25664.jpg,prunus_sargentii
images/25665.jpg,magnolia_virginiana
images/25666.jpg,magnolia_virginiana
images/25667.jpg,quercus_alba
images/25668.jpg,picea_pungens
images/25669.jpg,carpinus_caroliniana
images/25670.jpg,pinus_flexilis
images/25671.jpg,carpinus_caroliniana
images/25672.jpg,carpinus_caroliniana
images/25673.jpg,ulmus_rubra
images/25674.jpg,magnolia_virginiana
images/25675.jpg,pinus_flexilis
images/25676.jpg,acer_negundo
images/25677.jpg,catalpa_bignonioides
images/25678.jpg,albizia_julibrissin
images/25679.jpg,salix_babylonica
images/25680.jpg,picea_pungens
images/25681.jpg,maclura_pomifera
images/25682.jpg,acer_palmatum
images/25683.jpg,taxodium_distichum
images/25684.jpg,prunus_sargentii
images/25685.jpg,diospyros_virginiana
images/25686.jpg,quercus_cerris
images/25687.jpg,quercus_palustris
images/25688.jpg,quercus_cerris
images/25689.jpg,fraxinus_nigra
images/25690.jpg,magnolia_virginiana
images/25691.jpg,salix_matsudana
images/25692.jpg,quercus_alba
images/25693.jpg,carpinus_caroliniana
images/25694.jpg,quercus_palustris
images/25695.jpg,maclura_pomifera
images/25696.jpg,staphylea_trifolia
images/25697.jpg,acer_palmatum
images/25698.jpg,pinus_flexilis
images/25699.jpg,ulmus_rubra
images/25700.jpg,pinus_flexilis
images/25701.jpg,pinus_flexilis
images/25702.jpg,robinia_pseudo-acacia
images/25703.jpg,picea_pungens
images/25704.jpg,maclura_pomifera
images/25705.jpg,koelreuteria_paniculata
images/25706.jpg,picea_pungens
images/25707.jpg,quercus_cerris
images/25708.jpg,albizia_julibrissin
images/25709.jpg,quercus_cerris
images/25710.jpg,fraxinus_nigra
images/25711.jpg,quercus_alba
images/25712.jpg,crataegus_viridis
images/25713.jpg,quercus_cerris
images/25714.jpg,populus_deltoides
images/25715.jpg,pinus_flexilis
images/25716.jpg,ailanthus_altissima
images/25717.jpg,picea_pungens
images/25718.jpg,magnolia_virginiana
images/25719.jpg,magnolia_virginiana
images/25720.jpg,pinus_flexilis
images/25721.jpg,albizia_julibrissin
images/25722.jpg,albizia_julibrissin
images/25723.jpg,pseudolarix_amabilis
images/25724.jpg,carpinus_caroliniana
images/25725.jpg,pinus_flexilis
images/25726.jpg,quercus_cerris
images/25727.jpg,taxodium_distichum
images/25728.jpg,albizia_julibrissin
images/25729.jpg,pinus_nigra
images/25730.jpg,ulmus_rubra
images/25731.jpg,quercus_cerris
images/25732.jpg,pinus_flexilis
images/25733.jpg,quercus_muehlenbergii
images/25734.jpg,pinus_flexilis
images/25735.jpg,magnolia_virginiana
images/25736.jpg,pinus_flexilis
images/25737.jpg,maclura_pomifera
images/25738.jpg,ilex_opaca
images/25739.jpg,pinus_flexilis
images/25740.jpg,prunus_sargentii
images/25741.jpg,maclura_pomifera
images/25742.jpg,oxydendrum_arboreum
images/25743.jpg,carpinus_caroliniana
images/25744.jpg,maclura_pomifera
images/25745.jpg,oxydendrum_arboreum
images/25746.jpg,carpinus_caroliniana
images/25747.jpg,maclura_pomifera
images/25748.jpg,picea_pungens
images/25749.jpg,quercus_alba
images/25750.jpg,acer_palmatum
images/25751.jpg,acer_palmatum
images/25752.jpg,salix_matsudana
images/25753.jpg,maclura_pomifera
images/25754.jpg,liriodendron_tulipifera
images/25755.jpg,maclura_pomifera
images/25756.jpg,magnolia_virginiana
images/25757.jpg,quercus_palustris
images/25758.jpg,ilex_opaca
images/25759.jpg,magnolia_tripetala
images/25760.jpg,diospyros_virginiana
images/25761.jpg,pinus_sylvestris
images/25762.jpg,metasequoia_glyptostroboides
images/25763.jpg,magnolia_tripetala
images/25764.jpg,quercus_cerris
images/25765.jpg,oxydendrum_arboreum
images/25766.jpg,maclura_pomifera
images/25767.jpg,albizia_julibrissin
images/25768.jpg,prunus_sargentii
images/25769.jpg,magnolia_virginiana
images/25770.jpg,maclura_pomifera
images/25771.jpg,magnolia_virginiana
images/25772.jpg,oxydendrum_arboreum
images/25773.jpg,quercus_cerris
images/25774.jpg,quercus_palustris
images/25775.jpg,maclura_pomifera
images/25776.jpg,carpinus_caroliniana
images/25777.jpg,quercus_palustris
images/25778.jpg,acer_negundo
images/25779.jpg,pinus_flexilis
images/25780.jpg,picea_pungens
images/25781.jpg,acer_palmatum
images/25782.jpg,metasequoia_glyptostroboides
images/25783.jpg,pinus_taeda
images/25784.jpg,quercus_cerris
images/25785.jpg,ilex_opaca
images/25786.jpg,magnolia_virginiana
images/25787.jpg,salix_babylonica
images/25788.jpg,picea_pungens
images/25789.jpg,cladrastis_lutea
images/25790.jpg,pinus_flexilis
images/25791.jpg,ulmus_rubra
images/25792.jpg,fraxinus_nigra
images/25793.jpg,magnolia_virginiana
images/25794.jpg,ulmus_rubra
images/25795.jpg,pseudolarix_amabilis
images/25796.jpg,salix_babylonica
images/25797.jpg,populus_deltoides
images/25798.jpg,magnolia_virginiana
images/25799.jpg,quercus_cerris
images/25800.jpg,albizia_julibrissin
images/25801.jpg,stewartia_pseudocamellia
images/25802.jpg,prunus_sargentii
images/25803.jpg,broussonettia_papyrifera
images/25804.jpg,salix_babylonica
images/25805.jpg,albizia_julibrissin
images/25806.jpg,diospyros_virginiana
images/25807.jpg,albizia_julibrissin
images/25808.jpg,cryptomeria_japonica
images/25809.jpg,picea_pungens
images/25810.jpg,picea_pungens
images/25811.jpg,acer_negundo
images/25812.jpg,acer_palmatum
images/25813.jpg,salix_nigra
images/25814.jpg,albizia_julibrissin
images/25815.jpg,magnolia_virginiana
images/25816.jpg,albizia_julibrissin
images/25817.jpg,fraxinus_nigra
images/25818.jpg,acer_palmatum
images/25819.jpg,albizia_julibrissin
images/25820.jpg,fraxinus_nigra
images/25821.jpg,maclura_pomifera
images/25822.jpg,acer_palmatum
images/25823.jpg,acer_negundo
images/25824.jpg,albizia_julibrissin
images/25825.jpg,pinus_flexilis
images/25826.jpg,pinus_taeda
images/25827.jpg,ulmus_rubra
images/25828.jpg,carpinus_caroliniana
images/25829.jpg,quercus_cerris
images/25830.jpg,maclura_pomifera
images/25831.jpg,maclura_pomifera
images/25832.jpg,salix_babylonica
images/25833.jpg,magnolia_virginiana
images/25834.jpg,acer_negundo
images/25835.jpg,acer_palmatum
images/25836.jpg,quercus_cerris
images/25837.jpg,magnolia_virginiana
images/25838.jpg,albizia_julibrissin
images/25839.jpg,ailanthus_altissima
images/25840.jpg,magnolia_virginiana
images/25841.jpg,ficus_carica
images/25842.jpg,pinus_virginiana
images/25843.jpg,albizia_julibrissin
images/25844.jpg,fraxinus_nigra
images/25845.jpg,quercus_cerris
images/25846.jpg,ulmus_rubra
images/25847.jpg,salix_babylonica
images/25848.jpg,maclura_pomifera
images/25849.jpg,salix_babylonica
images/25850.jpg,magnolia_virginiana
images/25851.jpg,quercus_acutissima
images/25852.jpg,carpinus_caroliniana
images/25853.jpg,maclura_pomifera
images/25854.jpg,acer_palmatum
images/25855.jpg,ulmus_rubra
images/25856.jpg,robinia_pseudo-acacia
images/25857.jpg,albizia_julibrissin
images/25858.jpg,oxydendrum_arboreum
images/25859.jpg,maclura_pomifera
images/25860.jpg,broussonettia_papyrifera
images/25861.jpg,quercus_cerris
images/25862.jpg,albizia_julibrissin
images/25863.jpg,oxydendrum_arboreum
images/25864.jpg,magnolia_virginiana
images/25865.jpg,albizia_julibrissin
images/25866.jpg,maclura_pomifera
images/25867.jpg,maclura_pomifera
images/25868.jpg,catalpa_bignonioides
images/25869.jpg,pinus_flexilis
images/25870.jpg,prunus_sargentii
images/25871.jpg,acer_negundo
images/25872.jpg,broussonettia_papyrifera
images/25873.jpg,salix_babylonica
images/25874.jpg,magnolia_virginiana
images/25875.jpg,broussonettia_papyrifera
images/25876.jpg,quercus_cerris
images/25877.jpg,salix_babylonica
images/25878.jpg,pinus_taeda
images/25879.jpg,quercus_cerris
images/25880.jpg,salix_matsudana
images/25881.jpg,picea_pungens
images/25882.jpg,prunus_sargentii
images/25883.jpg,oxydendrum_arboreum
images/25884.jpg,magnolia_virginiana
images/25885.jpg,quercus_cerris
images/25886.jpg,maclura_pomifera
images/25887.jpg,maclura_pomifera
images/25888.jpg,ulmus_rubra
images/25889.jpg,quercus_palustris
images/25890.jpg,magnolia_virginiana
images/25891.jpg,albizia_julibrissin
images/25892.jpg,carpinus_caroliniana
images/25893.jpg,populus_deltoides
images/25894.jpg,pseudolarix_amabilis
images/25895.jpg,magnolia_grandiflora
images/25896.jpg,fraxinus_nigra
images/25897.jpg,fraxinus_nigra
images/25898.jpg,maclura_pomifera
images/25899.jpg,picea_pungens
images/25900.jpg,picea_pungens
images/25901.jpg,ulmus_rubra
images/25902.jpg,ailanthus_altissima
images/25903.jpg,pinus_peucea
images/25904.jpg,pinus_flexilis
images/25905.jpg,acer_palmatum
images/25906.jpg,salix_matsudana
images/25907.jpg,quercus_muehlenbergii
images/25908.jpg,carpinus_caroliniana
images/25909.jpg,pinus_taeda
images/25910.jpg,magnolia_virginiana
images/25911.jpg,diospyros_virginiana
images/25912.jpg,quercus_palustris
images/25913.jpg,prunus_sargentii
images/25914.jpg,carpinus_caroliniana
images/25915.jpg,catalpa_bignonioides
images/25916.jpg,picea_orientalis
images/25917.jpg,prunus_sargentii
images/25918.jpg,ulmus_americana
images/25919.jpg,quercus_cerris
images/25920.jpg,carpinus_caroliniana
images/25921.jpg,ulmus_rubra
images/25922.jpg,pinus_flexilis
images/25923.jpg,acer_negundo
images/25924.jpg,albizia_julibrissin
images/25925.jpg,fraxinus_nigra
images/25926.jpg,magnolia_virginiana
images/25927.jpg,pinus_flexilis
images/25928.jpg,pseudolarix_amabilis
images/25929.jpg,acer_negundo
images/25930.jpg,magnolia_virginiana
images/25931.jpg,fraxinus_nigra
images/25932.jpg,carpinus_caroliniana
images/25933.jpg,albizia_julibrissin
images/25934.jpg,ulmus_rubra
images/25935.jpg,juniperus_virginiana
images/25936.jpg,populus_deltoides
images/25937.jpg,maclura_pomifera
images/25938.jpg,ulmus_rubra
images/25939.jpg,carpinus_caroliniana
images/25940.jpg,prunus_sargentii
images/25941.jpg,carpinus_caroliniana
images/25942.jpg,albizia_julibrissin
images/25943.jpg,quercus_palustris
images/25944.jpg,pinus_flexilis
images/25945.jpg,magnolia_virginiana
images/25946.jpg,quercus_palustris
images/25947.jpg,quercus_palustris
images/25948.jpg,acer_palmatum
images/25949.jpg,picea_pungens
images/25950.jpg,pinus_sylvestris
images/25951.jpg,picea_pungens
images/25952.jpg,albizia_julibrissin
images/25953.jpg,pinus_flexilis
images/25954.jpg,pinus_flexilis
images/25955.jpg,betula_nigra
images/25956.jpg,pinus_sylvestris
images/25957.jpg,magnolia_virginiana
images/25958.jpg,acer_negundo
images/25959.jpg,magnolia_virginiana
images/25960.jpg,quercus_palustris
images/25961.jpg,acer_palmatum
images/25962.jpg,picea_pungens
images/25963.jpg,oxydendrum_arboreum
images/25964.jpg,ptelea_trifoliata
images/25965.jpg,diospyros_virginiana
images/25966.jpg,maclura_pomifera
images/25967.jpg,ilex_opaca
images/25968.jpg,picea_pungens
images/25969.jpg,juniperus_virginiana
images/25970.jpg,acer_palmatum
images/25971.jpg,quercus_cerris
images/25972.jpg,betula_nigra
images/25973.jpg,prunus_sargentii
images/25974.jpg,quercus_cerris
images/25975.jpg,pseudolarix_amabilis
images/25976.jpg,crataegus_viridis
images/25977.jpg,maclura_pomifera
images/25978.jpg,quercus_cerris
images/25979.jpg,carpinus_caroliniana
images/25980.jpg,magnolia_virginiana
images/25981.jpg,cryptomeria_japonica
images/25982.jpg,oxydendrum_arboreum
images/25983.jpg,taxodium_distichum
images/25984.jpg,pinus_flexilis
images/25985.jpg,pinus_flexilis
images/25986.jpg,magnolia_virginiana
images/25987.jpg,quercus_palustris
images/25988.jpg,prunus_sargentii
images/25989.jpg,albizia_julibrissin
images/25990.jpg,fraxinus_nigra
images/25991.jpg,fraxinus_nigra
images/25992.jpg,quercus_cerris
images/25993.jpg,fraxinus_nigra
images/25994.jpg,diospyros_virginiana
images/25995.jpg,cryptomeria_japonica
images/25996.jpg,carpinus_caroliniana
images/25997.jpg,crataegus_viridis
images/25998.jpg,salix_babylonica
images/25999.jpg,cladrastis_lutea
images/26000.jpg,picea_orientalis
images/26001.jpg,maclura_pomifera
images/26002.jpg,quercus_cerris
images/26003.jpg,carpinus_caroliniana
images/26004.jpg,quercus_muehlenbergii
images/26005.jpg,oxydendrum_arboreum
images/26006.jpg,crataegus_viridis
images/26007.jpg,diospyros_virginiana
images/26008.jpg,pinus_flexilis
images/26009.jpg,magnolia_virginiana
images/26010.jpg,acer_palmatum
images/26011.jpg,pinus_flexilis
images/26012.jpg,quercus_cerris
images/26013.jpg,albizia_julibrissin
images/26014.jpg,albizia_julibrissin
images/26015.jpg,magnolia_virginiana
images/26016.jpg,pinus_flexilis
images/26017.jpg,populus_deltoides
images/26018.jpg,pinus_nigra
images/26019.jpg,quercus_palustris
images/26020.jpg,oxydendrum_arboreum
images/26021.jpg,juglans_nigra
images/26022.jpg,acer_palmatum
images/26023.jpg,ulmus_rubra
images/26024.jpg,ulmus_rubra
images/26025.jpg,acer_negundo
images/26026.jpg,picea_pungens
images/26027.jpg,acer_palmatum
images/26028.jpg,magnolia_virginiana
images/26029.jpg,oxydendrum_arboreum
images/26030.jpg,acer_palmatum
images/26031.jpg,ulmus_rubra
images/26032.jpg,picea_pungens
images/26033.jpg,broussonettia_papyrifera
images/26034.jpg,crataegus_viridis
images/26035.jpg,stewartia_pseudocamellia
images/26036.jpg,quercus_cerris
images/26037.jpg,acer_palmatum
images/26038.jpg,maclura_pomifera
images/26039.jpg,maclura_pomifera
images/26040.jpg,carpinus_caroliniana
images/26041.jpg,diospyros_virginiana
images/26042.jpg,pinus_flexilis
images/26043.jpg,quercus_alba
images/26044.jpg,magnolia_virginiana
images/26045.jpg,maclura_pomifera
images/26046.jpg,picea_orientalis
images/26047.jpg,acer_palmatum
images/26048.jpg,malus_baccata
images/26049.jpg,quercus_cerris
images/26050.jpg,albizia_julibrissin
images/26051.jpg,maclura_pomifera
images/26052.jpg,pinus_flexilis
images/26053.jpg,pinus_virginiana
images/26054.jpg,oxydendrum_arboreum
images/26055.jpg,magnolia_tripetala
images/26056.jpg,picea_pungens
images/26057.jpg,quercus_cerris
images/26058.jpg,metasequoia_glyptostroboides
images/26059.jpg,picea_pungens
images/26060.jpg,acer_negundo
images/26061.jpg,pinus_flexilis
images/26062.jpg,diospyros_virginiana
images/26063.jpg,salix_matsudana
images/26064.jpg,maclura_pomifera
images/26065.jpg,quercus_cerris
images/26066.jpg,pseudolarix_amabilis
images/26067.jpg,quercus_cerris
images/26068.jpg,salix_matsudana
images/26069.jpg,crataegus_viridis
images/26070.jpg,quercus_cerris
images/26071.jpg,pinus_flexilis
images/26072.jpg,pinus_flexilis
images/26073.jpg,quercus_palustris
images/26074.jpg,metasequoia_glyptostroboides
images/26075.jpg,salix_babylonica
images/26076.jpg,quercus_coccinea
images/26077.jpg,pinus_flexilis
images/26078.jpg,oxydendrum_arboreum
images/26079.jpg,salix_babylonica
images/26080.jpg,quercus_alba
images/26081.jpg,pinus_flexilis
images/26082.jpg,albizia_julibrissin
images/26083.jpg,maclura_pomifera
images/26084.jpg,juglans_nigra
images/26085.jpg,maclura_pomifera
images/26086.jpg,diospyros_virginiana
images/26087.jpg,picea_pungens
images/26088.jpg,pinus_virginiana
images/26089.jpg,crataegus_viridis
images/26090.jpg,stewartia_pseudocamellia
images/26091.jpg,pinus_flexilis
images/26092.jpg,picea_pungens
images/26093.jpg,albizia_julibrissin
images/26094.jpg,albizia_julibrissin
images/26095.jpg,quercus_cerris
images/26096.jpg,pseudolarix_amabilis
images/26097.jpg,magnolia_virginiana
images/26098.jpg,pinus_flexilis
images/26099.jpg,magnolia_tripetala
images/26100.jpg,albizia_julibrissin
images/26101.jpg,broussonettia_papyrifera
images/26102.jpg,quercus_palustris
images/26103.jpg,pinus_flexilis
images/26104.jpg,quercus_cerris
images/26105.jpg,magnolia_grandiflora
images/26106.jpg,maclura_pomifera
images/26107.jpg,magnolia_virginiana
images/26108.jpg,pinus_flexilis
images/26109.jpg,carpinus_caroliniana
images/26110.jpg,carpinus_caroliniana
images/26111.jpg,magnolia_virginiana
images/26112.jpg,magnolia_virginiana
images/26113.jpg,quercus_cerris
images/26114.jpg,quercus_alba
images/26115.jpg,taxodium_distichum
images/26116.jpg,pinus_flexilis
images/26117.jpg,magnolia_virginiana
images/26118.jpg,crataegus_viridis
images/26119.jpg,albizia_julibrissin
images/26120.jpg,magnolia_virginiana
images/26121.jpg,ulmus_rubra
images/26122.jpg,robinia_pseudo-acacia
images/26123.jpg,ilex_opaca
images/26124.jpg,quercus_muehlenbergii
images/26125.jpg,carpinus_caroliniana
images/26126.jpg,quercus_cerris
images/26127.jpg,maclura_pomifera
images/26128.jpg,quercus_cerris
images/26129.jpg,fraxinus_nigra
images/26130.jpg,albizia_julibrissin
images/26131.jpg,fraxinus_nigra
images/26132.jpg,acer_palmatum
images/26133.jpg,ailanthus_altissima
images/26134.jpg,ulmus_rubra
images/26135.jpg,acer_palmatum
images/26136.jpg,pinus_sylvestris
images/26137.jpg,picea_pungens
images/26138.jpg,albizia_julibrissin
images/26139.jpg,magnolia_virginiana
images/26140.jpg,carpinus_caroliniana
images/26141.jpg,magnolia_virginiana
images/26142.jpg,magnolia_virginiana
images/26143.jpg,catalpa_bignonioides
images/26144.jpg,salix_babylonica
images/26145.jpg,salix_matsudana
images/26146.jpg,salix_matsudana
images/26147.jpg,prunus_pensylvanica
images/26148.jpg,pinus_flexilis
images/26149.jpg,robinia_pseudo-acacia
images/26150.jpg,picea_pungens
images/26151.jpg,magnolia_virginiana
images/26152.jpg,magnolia_virginiana
images/26153.jpg,carpinus_caroliniana
images/26154.jpg,picea_pungens
images/26155.jpg,maclura_pomifera
images/26156.jpg,maclura_pomifera
images/26157.jpg,pinus_flexilis
images/26158.jpg,quercus_alba
images/26159.jpg,magnolia_virginiana
images/26160.jpg,magnolia_virginiana
images/26161.jpg,carpinus_caroliniana
images/26162.jpg,crataegus_viridis
images/26163.jpg,ulmus_rubra
images/26164.jpg,catalpa_bignonioides
images/26165.jpg,carpinus_caroliniana
images/26166.jpg,maclura_pomifera
images/26167.jpg,cryptomeria_japonica
images/26168.jpg,magnolia_virginiana
images/26169.jpg,salix_babylonica
images/26170.jpg,robinia_pseudo-acacia
images/26171.jpg,pinus_peucea
images/26172.jpg,salix_babylonica
images/26173.jpg,stewartia_pseudocamellia
images/26174.jpg,salix_babylonica
images/26175.jpg,acer_palmatum
images/26176.jpg,salix_babylonica
images/26177.jpg,magnolia_virginiana
images/26178.jpg,fraxinus_nigra
images/26179.jpg,fraxinus_nigra
images/26180.jpg,populus_deltoides
images/26181.jpg,quercus_alba
images/26182.jpg,quercus_cerris
images/26183.jpg,magnolia_virginiana
images/26184.jpg,albizia_julibrissin
images/26185.jpg,maclura_pomifera
images/26186.jpg,broussonettia_papyrifera
images/26187.jpg,maclura_pomifera
images/26188.jpg,magnolia_virginiana
images/26189.jpg,magnolia_virginiana
images/26190.jpg,ulmus_rubra
images/26191.jpg,cladrastis_lutea
images/26192.jpg,magnolia_virginiana
images/26193.jpg,magnolia_virginiana
images/26194.jpg,salix_babylonica
images/26195.jpg,magnolia_virginiana
images/26196.jpg,pinus_flexilis
images/26197.jpg,albizia_julibrissin
images/26198.jpg,pinus_flexilis
images/26199.jpg,carpinus_caroliniana
images/26200.jpg,picea_pungens
images/26201.jpg,maclura_pomifera
images/26202.jpg,salix_babylonica
images/26203.jpg,acer_palmatum
images/26204.jpg,populus_deltoides
images/26205.jpg,carpinus_caroliniana
images/26206.jpg,diospyros_virginiana
images/26207.jpg,magnolia_grandiflora
images/26208.jpg,crataegus_viridis
images/26209.jpg,magnolia_virginiana
images/26210.jpg,salix_babylonica
images/26211.jpg,albizia_julibrissin
images/26212.jpg,fraxinus_nigra
images/26213.jpg,carpinus_caroliniana
images/26214.jpg,ulmus_rubra
images/26215.jpg,cladrastis_lutea
images/26216.jpg,broussonettia_papyrifera
images/26217.jpg,magnolia_virginiana
images/26218.jpg,albizia_julibrissin
images/26219.jpg,albizia_julibrissin
images/26220.jpg,ilex_opaca
images/26221.jpg,quercus_cerris
images/26222.jpg,pinus_flexilis
images/26223.jpg,crataegus_viridis
images/26224.jpg,salix_babylonica
images/26225.jpg,albizia_julibrissin
images/26226.jpg,quercus_cerris
images/26227.jpg,diospyros_virginiana
images/26228.jpg,salix_matsudana
images/26229.jpg,albizia_julibrissin
images/26230.jpg,maclura_pomifera
images/26231.jpg,carpinus_caroliniana
images/26232.jpg,diospyros_virginiana
images/26233.jpg,pinus_flexilis
images/26234.jpg,pinus_virginiana
images/26235.jpg,ulmus_rubra
images/26236.jpg,acer_negundo
images/26237.jpg,albizia_julibrissin
images/26238.jpg,quercus_cerris
images/26239.jpg,ulmus_rubra
images/26240.jpg,magnolia_virginiana
images/26241.jpg,stewartia_pseudocamellia
images/26242.jpg,ilex_opaca
images/26243.jpg,crataegus_laevigata
images/26244.jpg,picea_pungens
images/26245.jpg,quercus_cerris
images/26246.jpg,picea_pungens
images/26247.jpg,prunus_sargentii
images/26248.jpg,carpinus_caroliniana
images/26249.jpg,magnolia_virginiana
images/26250.jpg,ficus_carica
images/26251.jpg,metasequoia_glyptostroboides
images/26252.jpg,carpinus_caroliniana
images/26253.jpg,quercus_palustris
images/26254.jpg,cryptomeria_japonica
images/26255.jpg,acer_negundo
images/26256.jpg,stewartia_pseudocamellia
images/26257.jpg,salix_babylonica
images/26258.jpg,picea_pungens
images/26259.jpg,pinus_flexilis
images/26260.jpg,albizia_julibrissin
images/26261.jpg,salix_babylonica
images/26262.jpg,quercus_palustris
images/26263.jpg,quercus_alba
images/26264.jpg,albizia_julibrissin
images/26265.jpg,magnolia_virginiana
images/26266.jpg,ailanthus_altissima
images/26267.jpg,maclura_pomifera
images/26268.jpg,magnolia_virginiana
images/26269.jpg,broussonettia_papyrifera
images/26270.jpg,magnolia_virginiana
images/26271.jpg,acer_palmatum
images/26272.jpg,picea_pungens
images/26273.jpg,picea_pungens
images/26274.jpg,crataegus_viridis
images/26275.jpg,picea_pungens
images/26276.jpg,pinus_taeda
images/26277.jpg,magnolia_virginiana
images/26278.jpg,crataegus_viridis
images/26279.jpg,broussonettia_papyrifera
images/26280.jpg,magnolia_virginiana
images/26281.jpg,ulmus_rubra
images/26282.jpg,salix_babylonica
images/26283.jpg,broussonettia_papyrifera
images/26284.jpg,quercus_cerris
images/26285.jpg,albizia_julibrissin
images/26286.jpg,pinus_flexilis
images/26287.jpg,albizia_julibrissin
images/26288.jpg,albizia_julibrissin
images/26289.jpg,cladrastis_lutea
images/26290.jpg,carpinus_caroliniana
images/26291.jpg,quercus_cerris
images/26292.jpg,maclura_pomifera
images/26293.jpg,prunus_sargentii
images/26294.jpg,salix_matsudana
images/26295.jpg,quercus_cerris
images/26296.jpg,populus_deltoides
images/26297.jpg,salix_matsudana
images/26298.jpg,quercus_cerris
images/26299.jpg,cladrastis_lutea
images/26300.jpg,pinus_flexilis
images/26301.jpg,picea_pungens
images/26302.jpg,carpinus_caroliniana
images/26303.jpg,oxydendrum_arboreum
images/26304.jpg,maclura_pomifera
images/26305.jpg,picea_orientalis
images/26306.jpg,catalpa_bignonioides
images/26307.jpg,salix_babylonica
images/26308.jpg,quercus_palustris
images/26309.jpg,maclura_pomifera
images/26310.jpg,pinus_flexilis
images/26311.jpg,quercus_cerris
images/26312.jpg,acer_palmatum
images/26313.jpg,carpinus_caroliniana
images/26314.jpg,quercus_palustris
images/26315.jpg,acer_negundo
images/26316.jpg,cryptomeria_japonica
images/26317.jpg,albizia_julibrissin
images/26318.jpg,salix_matsudana
images/26319.jpg,quercus_cerris
images/26320.jpg,maclura_pomifera
images/26321.jpg,cryptomeria_japonica
images/26322.jpg,magnolia_tripetala
images/26323.jpg,quercus_cerris
images/26324.jpg,fraxinus_nigra
images/26325.jpg,carpinus_caroliniana
images/26326.jpg,acer_palmatum
images/26327.jpg,magnolia_virginiana
images/26328.jpg,quercus_cerris
images/26329.jpg,fraxinus_nigra
images/26330.jpg,carpinus_caroliniana
images/26331.jpg,picea_pungens
images/26332.jpg,quercus_cerris
images/26333.jpg,salix_babylonica
images/26334.jpg,cladrastis_lutea
images/26335.jpg,carpinus_caroliniana
images/26336.jpg,cryptomeria_japonica
images/26337.jpg,fagus_grandifolia
images/26338.jpg,albizia_julibrissin
images/26339.jpg,quercus_cerris
images/26340.jpg,picea_orientalis
images/26341.jpg,albizia_julibrissin
images/26342.jpg,pinus_flexilis
images/26343.jpg,picea_pungens
images/26344.jpg,quercus_palustris
images/26345.jpg,quercus_cerris
images/26346.jpg,magnolia_virginiana
images/26347.jpg,broussonettia_papyrifera
images/26348.jpg,acer_ginnala
images/26349.jpg,acer_saccharinum
images/26350.jpg,magnolia_virginiana
images/26351.jpg,pinus_flexilis
images/26352.jpg,robinia_pseudo-acacia
images/26353.jpg,picea_pungens
images/26354.jpg,ulmus_rubra
images/26355.jpg,crataegus_viridis
images/26356.jpg,betula_nigra
images/26357.jpg,maclura_pomifera
images/26358.jpg,broussonettia_papyrifera
images/26359.jpg,ulmus_rubra
images/26360.jpg,quercus_alba
images/26361.jpg,asimina_triloba
images/26362.jpg,magnolia_virginiana
images/26363.jpg,picea_pungens
images/26364.jpg,quercus_cerris
images/26365.jpg,pinus_peucea
images/26366.jpg,maclura_pomifera
images/26367.jpg,carpinus_caroliniana
images/26368.jpg,salix_babylonica
images/26369.jpg,salix_nigra
images/26370.jpg,maclura_pomifera
images/26371.jpg,quercus_acutissima
images/26372.jpg,ulmus_rubra
images/26373.jpg,albizia_julibrissin
images/26374.jpg,magnolia_tripetala
images/26375.jpg,picea_pungens
images/26376.jpg,pinus_flexilis
images/26377.jpg,picea_orientalis
images/26378.jpg,prunus_sargentii
images/26379.jpg,picea_pungens
images/26380.jpg,pinus_cembra
images/26381.jpg,crataegus_viridis
images/26382.jpg,cladrastis_lutea
images/26383.jpg,carpinus_caroliniana
images/26384.jpg,fraxinus_nigra
images/26385.jpg,ilex_opaca
images/26386.jpg,albizia_julibrissin
images/26387.jpg,magnolia_virginiana
images/26388.jpg,betula_nigra
images/26389.jpg,carpinus_caroliniana
images/26390.jpg,magnolia_virginiana
images/26391.jpg,maclura_pomifera
images/26392.jpg,salix_matsudana
images/26393.jpg,salix_matsudana
images/26394.jpg,pinus_sylvestris
images/26395.jpg,quercus_cerris
images/26396.jpg,acer_negundo
images/26397.jpg,magnolia_virginiana
images/26398.jpg,pinus_flexilis
images/26399.jpg,salix_matsudana
images/26400.jpg,pinus_flexilis
images/26401.jpg,magnolia_virginiana
images/26402.jpg,albizia_julibrissin
images/26403.jpg,picea_orientalis
images/26404.jpg,quercus_cerris
images/26405.jpg,magnolia_virginiana
images/26406.jpg,maclura_pomifera
images/26407.jpg,picea_pungens
images/26408.jpg,oxydendrum_arboreum
images/26409.jpg,acer_palmatum
images/26410.jpg,diospyros_virginiana
images/26411.jpg,albizia_julibrissin
images/26412.jpg,quercus_acutissima
images/26413.jpg,carpinus_caroliniana
images/26414.jpg,salix_matsudana
images/26415.jpg,oxydendrum_arboreum
images/26416.jpg,magnolia_virginiana
images/26417.jpg,magnolia_virginiana
images/26418.jpg,pinus_taeda
images/26419.jpg,aesculus_pavi
images/26420.jpg,pinus_flexilis
images/26421.jpg,magnolia_virginiana
images/26422.jpg,pinus_flexilis
images/26423.jpg,ailanthus_altissima
images/26424.jpg,picea_orientalis
images/26425.jpg,pinus_nigra
images/26426.jpg,picea_pungens
images/26427.jpg,salix_matsudana
images/26428.jpg,diospyros_virginiana
images/26429.jpg,carpinus_caroliniana
images/26430.jpg,pinus_flexilis
images/26431.jpg,crataegus_laevigata
images/26432.jpg,maclura_pomifera
images/26433.jpg,carpinus_caroliniana
images/26434.jpg,robinia_pseudo-acacia
images/26435.jpg,picea_pungens
images/26436.jpg,quercus_cerris
images/26437.jpg,prunus_sargentii
images/26438.jpg,diospyros_virginiana
images/26439.jpg,carpinus_caroliniana
images/26440.jpg,oxydendrum_arboreum
images/26441.jpg,pseudolarix_amabilis
images/26442.jpg,carpinus_caroliniana
images/26443.jpg,magnolia_grandiflora
images/26444.jpg,crataegus_viridis
images/26445.jpg,magnolia_virginiana
images/26446.jpg,quercus_cerris
images/26447.jpg,fraxinus_nigra
images/26448.jpg,albizia_julibrissin
images/26449.jpg,ilex_opaca
images/26450.jpg,quercus_montana
images/26451.jpg,quercus_palustris
images/26452.jpg,cryptomeria_japonica
images/26453.jpg,quercus_cerris
images/26454.jpg,picea_pungens
images/26455.jpg,albizia_julibrissin
images/26456.jpg,maclura_pomifera
images/26457.jpg,maclura_pomifera
images/26458.jpg,salix_nigra
images/26459.jpg,oxydendrum_arboreum
images/26460.jpg,picea_orientalis
images/26461.jpg,betula_nigra
images/26462.jpg,acer_negundo
images/26463.jpg,ilex_opaca
images/26464.jpg,maclura_pomifera
images/26465.jpg,acer_palmatum
images/26466.jpg,pinus_flexilis
images/26467.jpg,prunus_sargentii
images/26468.jpg,carpinus_caroliniana
images/26469.jpg,quercus_muehlenbergii
images/26470.jpg,diospyros_virginiana
images/26471.jpg,picea_pungens
images/26472.jpg,ulmus_rubra
images/26473.jpg,magnolia_virginiana
images/26474.jpg,acer_palmatum
images/26475.jpg,quercus_cerris
images/26476.jpg,carpinus_caroliniana
images/26477.jpg,carpinus_caroliniana
images/26478.jpg,pinus_flexilis
images/26479.jpg,ilex_opaca
images/26480.jpg,quercus_muehlenbergii
images/26481.jpg,picea_pungens
images/26482.jpg,pinus_flexilis
images/26483.jpg,broussonettia_papyrifera
images/26484.jpg,albizia_julibrissin
images/26485.jpg,pinus_flexilis
images/26486.jpg,pinus_taeda
images/26487.jpg,acer_palmatum
images/26488.jpg,maclura_pomifera
images/26489.jpg,fagus_grandifolia
images/26490.jpg,catalpa_bignonioides
images/26491.jpg,albizia_julibrissin
images/26492.jpg,pinus_taeda
images/26493.jpg,carpinus_caroliniana
images/26494.jpg,ulmus_rubra
images/26495.jpg,quercus_cerris
images/26496.jpg,prunus_sargentii
images/26497.jpg,diospyros_virginiana
images/26498.jpg,carpinus_caroliniana
images/26499.jpg,carpinus_caroliniana
images/26500.jpg,albizia_julibrissin
images/26501.jpg,maclura_pomifera
images/26502.jpg,prunus_sargentii
images/26503.jpg,maclura_pomifera
images/26504.jpg,fraxinus_nigra
images/26505.jpg,salix_babylonica
images/26506.jpg,acer_palmatum
images/26507.jpg,albizia_julibrissin
images/26508.jpg,ailanthus_altissima
images/26509.jpg,ulmus_rubra
images/26510.jpg,robinia_pseudo-acacia
images/26511.jpg,pinus_flexilis
images/26512.jpg,quercus_palustris
images/26513.jpg,albizia_julibrissin
images/26514.jpg,carpinus_caroliniana
images/26515.jpg,maclura_pomifera
images/26516.jpg,picea_pungens
images/26517.jpg,picea_pungens
images/26518.jpg,pinus_flexilis
images/26519.jpg,populus_deltoides
images/26520.jpg,pinus_flexilis
images/26521.jpg,maclura_pomifera
images/26522.jpg,quercus_cerris
images/26523.jpg,maclura_pomifera
images/26524.jpg,albizia_julibrissin
images/26525.jpg,quercus_palustris
images/26526.jpg,quercus_palustris
images/26527.jpg,acer_ginnala
images/26528.jpg,crataegus_viridis
images/26529.jpg,fraxinus_nigra
images/26530.jpg,magnolia_virginiana
images/26531.jpg,pinus_flexilis
images/26532.jpg,albizia_julibrissin
images/26533.jpg,magnolia_virginiana
images/26534.jpg,ptelea_trifoliata
images/26535.jpg,diospyros_virginiana
images/26536.jpg,oxydendrum_arboreum
images/26537.jpg,ulmus_rubra
images/26538.jpg,albizia_julibrissin
images/26539.jpg,salix_babylonica
images/26540.jpg,carpinus_caroliniana
images/26541.jpg,carpinus_caroliniana
images/26542.jpg,maclura_pomifera
images/26543.jpg,pinus_flexilis
images/26544.jpg,maclura_pomifera
images/26545.jpg,carpinus_caroliniana
images/26546.jpg,quercus_alba
images/26547.jpg,ilex_opaca
images/26548.jpg,quercus_alba
images/26549.jpg,magnolia_virginiana
images/26550.jpg,quercus_palustris
images/26551.jpg,magnolia_virginiana
images/26552.jpg,carpinus_caroliniana
images/26553.jpg,stewartia_pseudocamellia
images/26554.jpg,magnolia_virginiana
images/26555.jpg,oxydendrum_arboreum
images/26556.jpg,ailanthus_altissima
images/26557.jpg,prunus_sargentii
images/26558.jpg,crataegus_viridis
images/26559.jpg,quercus_cerris
images/26560.jpg,acer_palmatum
images/26561.jpg,pinus_flexilis
images/26562.jpg,crataegus_viridis
images/26563.jpg,quercus_palustris
images/26564.jpg,albizia_julibrissin
images/26565.jpg,maclura_pomifera
images/26566.jpg,crataegus_viridis
images/26567.jpg,crataegus_viridis
images/26568.jpg,pinus_flexilis
images/26569.jpg,chamaecyparis_pisifera
images/26570.jpg,pinus_flexilis
images/26571.jpg,ulmus_rubra
images/26572.jpg,pinus_flexilis
images/26573.jpg,quercus_acutissima
images/26574.jpg,pinus_flexilis
images/26575.jpg,magnolia_grandiflora
images/26576.jpg,prunus_sargentii
images/26577.jpg,pinus_flexilis
images/26578.jpg,prunus_sargentii
images/26579.jpg,catalpa_bignonioides
images/26580.jpg,albizia_julibrissin
images/26581.jpg,catalpa_bignonioides
images/26582.jpg,carpinus_caroliniana
images/26583.jpg,pinus_flexilis
images/26584.jpg,quercus_cerris
images/26585.jpg,ulmus_rubra
images/26586.jpg,catalpa_bignonioides
images/26587.jpg,pinus_flexilis
images/26588.jpg,broussonettia_papyrifera
images/26589.jpg,magnolia_virginiana
images/26590.jpg,picea_pungens
images/26591.jpg,pinus_peucea
images/26592.jpg,quercus_cerris
images/26593.jpg,maclura_pomifera
images/26594.jpg,albizia_julibrissin
images/26595.jpg,salix_babylonica
images/26596.jpg,maclura_pomifera
images/26597.jpg,ulmus_rubra
images/26598.jpg,maclura_pomifera
images/26599.jpg,pinus_flexilis
images/26600.jpg,maclura_pomifera
images/26601.jpg,pinus_flexilis
images/26602.jpg,pinus_sylvestris
images/26603.jpg,crataegus_viridis
images/26604.jpg,magnolia_tripetala
images/26605.jpg,pinus_flexilis
images/26606.jpg,carpinus_caroliniana
images/26607.jpg,maclura_pomifera
images/26608.jpg,carpinus_caroliniana
images/26609.jpg,broussonettia_papyrifera
images/26610.jpg,cryptomeria_japonica
images/26611.jpg,pinus_flexilis
images/26612.jpg,pinus_flexilis
images/26613.jpg,quercus_montana
images/26614.jpg,crataegus_viridis
images/26615.jpg,asimina_triloba
images/26616.jpg,acer_palmatum
images/26617.jpg,prunus_sargentii
images/26618.jpg,carpinus_caroliniana
images/26619.jpg,pinus_flexilis
images/26620.jpg,magnolia_virginiana
images/26621.jpg,carpinus_caroliniana
images/26622.jpg,pinus_flexilis
images/26623.jpg,populus_deltoides
images/26624.jpg,carpinus_caroliniana
images/26625.jpg,pinus_flexilis
images/26626.jpg,chionanthus_retusus
images/26627.jpg,magnolia_virginiana
images/26628.jpg,quercus_palustris
images/26629.jpg,maclura_pomifera
images/26630.jpg,maclura_pomifera
images/26631.jpg,maclura_pomifera
images/26632.jpg,albizia_julibrissin
images/26633.jpg,magnolia_virginiana
images/26634.jpg,pinus_flexilis
images/26635.jpg,pseudolarix_amabilis
images/26636.jpg,quercus_palustris
images/26637.jpg,diospyros_virginiana
images/26638.jpg,quercus_cerris
images/26639.jpg,crataegus_viridis
images/26640.jpg,prunus_sargentii
images/26641.jpg,quercus_cerris
images/26642.jpg,fraxinus_nigra
images/26643.jpg,quercus_palustris
images/26644.jpg,crataegus_viridis
images/26645.jpg,picea_pungens
images/26646.jpg,picea_pungens
images/26647.jpg,albizia_julibrissin
images/26648.jpg,ilex_opaca
images/26649.jpg,cryptomeria_japonica
images/26650.jpg,fraxinus_nigra
images/26651.jpg,oxydendrum_arboreum
images/26652.jpg,maclura_pomifera
images/26653.jpg,albizia_julibrissin
images/26654.jpg,pinus_nigra
images/26655.jpg,pinus_flexilis
images/26656.jpg,albizia_julibrissin
images/26657.jpg,crataegus_viridis
images/26658.jpg,quercus_alba
images/26659.jpg,robinia_pseudo-acacia
images/26660.jpg,magnolia_tripetala
images/26661.jpg,maclura_pomifera
images/26662.jpg,ulmus_rubra
images/26663.jpg,albizia_julibrissin
images/26664.jpg,quercus_palustris
images/26665.jpg,albizia_julibrissin
images/26666.jpg,magnolia_virginiana
images/26667.jpg,quercus_cerris
images/26668.jpg,quercus_cerris
images/26669.jpg,fraxinus_nigra
images/26670.jpg,acer_palmatum
images/26671.jpg,acer_negundo
images/26672.jpg,quercus_palustris
images/26673.jpg,cladrastis_lutea
images/26674.jpg,juglans_nigra
images/26675.jpg,albizia_julibrissin
images/26676.jpg,quercus_cerris
images/26677.jpg,salix_matsudana
images/26678.jpg,broussonettia_papyrifera
images/26679.jpg,albizia_julibrissin
images/26680.jpg,magnolia_virginiana
images/26681.jpg,prunus_sargentii
images/26682.jpg,albizia_julibrissin
images/26683.jpg,fraxinus_nigra
images/26684.jpg,broussonettia_papyrifera
images/26685.jpg,maclura_pomifera
images/26686.jpg,pinus_flexilis
images/26687.jpg,populus_deltoides
images/26688.jpg,carpinus_caroliniana
images/26689.jpg,quercus_cerris
images/26690.jpg,prunus_sargentii
images/26691.jpg,acer_negundo
images/26692.jpg,ilex_opaca
images/26693.jpg,quercus_palustris
images/26694.jpg,carpinus_caroliniana
images/26695.jpg,magnolia_virginiana
images/26696.jpg,acer_palmatum
images/26697.jpg,magnolia_virginiana
images/26698.jpg,acer_palmatum
images/26699.jpg,quercus_cerris
images/26700.jpg,carpinus_caroliniana
images/26701.jpg,acer_negundo
images/26702.jpg,prunus_sargentii
images/26703.jpg,pinus_flexilis
images/26704.jpg,crataegus_laevigata
images/26705.jpg,carpinus_caroliniana
images/26706.jpg,cladrastis_lutea
images/26707.jpg,juniperus_virginiana
images/26708.jpg,fraxinus_nigra
images/26709.jpg,robinia_pseudo-acacia
images/26710.jpg,pinus_virginiana
images/26711.jpg,carpinus_caroliniana
images/26712.jpg,pinus_virginiana
images/26713.jpg,carpinus_caroliniana
images/26714.jpg,quercus_palustris
images/26715.jpg,ilex_opaca
images/26716.jpg,salix_babylonica
images/26717.jpg,carpinus_caroliniana
images/26718.jpg,acer_palmatum
images/26719.jpg,salix_babylonica
images/26720.jpg,pinus_flexilis
images/26721.jpg,magnolia_virginiana
images/26722.jpg,oxydendrum_arboreum
images/26723.jpg,koelreuteria_paniculata
images/26724.jpg,quercus_palustris
images/26725.jpg,prunus_sargentii
images/26726.jpg,maclura_pomifera
images/26727.jpg,fraxinus_nigra
images/26728.jpg,salix_babylonica
images/26729.jpg,albizia_julibrissin
images/26730.jpg,crataegus_viridis
images/26731.jpg,quercus_cerris
images/26732.jpg,quercus_cerris
images/26733.jpg,quercus_cerris
images/26734.jpg,acer_palmatum
images/26735.jpg,albizia_julibrissin
images/26736.jpg,maclura_pomifera
images/26737.jpg,magnolia_virginiana
images/26738.jpg,magnolia_virginiana
images/26739.jpg,pinus_sylvestris
images/26740.jpg,pinus_flexilis
images/26741.jpg,acer_palmatum
images/26742.jpg,pinus_nigra
images/26743.jpg,pinus_sylvestris
images/26744.jpg,quercus_muehlenbergii
images/26745.jpg,pinus_taeda
images/26746.jpg,crataegus_viridis
images/26747.jpg,picea_pungens
images/26748.jpg,broussonettia_papyrifera
images/26749.jpg,carpinus_caroliniana
images/26750.jpg,salix_babylonica
images/26751.jpg,maclura_pomifera
images/26752.jpg,pinus_flexilis
images/26753.jpg,oxydendrum_arboreum
images/26754.jpg,juglans_nigra
images/26755.jpg,oxydendrum_arboreum
images/26756.jpg,fraxinus_nigra
images/26757.jpg,quercus_muehlenbergii
images/26758.jpg,quercus_palustris
images/26759.jpg,fraxinus_nigra
images/26760.jpg,quercus_cerris
images/26761.jpg,pinus_flexilis
images/26762.jpg,magnolia_virginiana
images/26763.jpg,prunus_sargentii
images/26764.jpg,quercus_cerris
images/26765.jpg,prunus_sargentii
images/26766.jpg,carpinus_caroliniana
images/26767.jpg,magnolia_virginiana
images/26768.jpg,picea_pungens
images/26769.jpg,fraxinus_nigra
images/26770.jpg,magnolia_virginiana
images/26771.jpg,acer_palmatum
images/26772.jpg,magnolia_virginiana
images/26773.jpg,prunus_sargentii
images/26774.jpg,quercus_palustris
images/26775.jpg,oxydendrum_arboreum
images/26776.jpg,acer_saccharum
images/26777.jpg,albizia_julibrissin
images/26778.jpg,magnolia_virginiana
images/26779.jpg,carpinus_caroliniana
images/26780.jpg,oxydendrum_arboreum
images/26781.jpg,robinia_pseudo-acacia
images/26782.jpg,maclura_pomifera
images/26783.jpg,salix_babylonica
images/26784.jpg,maclura_pomifera
images/26785.jpg,pinus_flexilis
images/26786.jpg,pinus_flexilis
images/26787.jpg,quercus_palustris
images/26788.jpg,acer_palmatum
images/26789.jpg,quercus_cerris
images/26790.jpg,pinus_flexilis
images/26791.jpg,maclura_pomifera
images/26792.jpg,pinus_flexilis
images/26793.jpg,magnolia_virginiana
images/26794.jpg,carpinus_caroliniana
images/26795.jpg,carpinus_caroliniana
images/26796.jpg,quercus_cerris
images/26797.jpg,picea_pungens
images/26798.jpg,magnolia_virginiana
images/26799.jpg,maclura_pomifera
images/26800.jpg,picea_pungens
images/26801.jpg,magnolia_virginiana
images/26802.jpg,acer_negundo
images/26803.jpg,populus_deltoides
images/26804.jpg,carpinus_caroliniana
images/26805.jpg,ulmus_rubra
images/26806.jpg,albizia_julibrissin
images/26807.jpg,acer_palmatum
images/26808.jpg,magnolia_virginiana
images/26809.jpg,crataegus_viridis
images/26810.jpg,quercus_alba
images/26811.jpg,quercus_cerris
images/26812.jpg,pinus_flexilis
images/26813.jpg,cryptomeria_japonica
images/26814.jpg,oxydendrum_arboreum
images/26815.jpg,salix_babylonica
images/26816.jpg,cryptomeria_japonica
images/26817.jpg,ilex_opaca
images/26818.jpg,ulmus_rubra
images/26819.jpg,albizia_julibrissin
images/26820.jpg,carpinus_caroliniana
images/26821.jpg,acer_palmatum
images/26822.jpg,carpinus_caroliniana
images/26823.jpg,albizia_julibrissin
images/26824.jpg,albizia_julibrissin
images/26825.jpg,ulmus_rubra
images/26826.jpg,maclura_pomifera
images/26827.jpg,maclura_pomifera
images/26828.jpg,ulmus_rubra
images/26829.jpg,magnolia_virginiana
images/26830.jpg,fraxinus_nigra
images/26831.jpg,quercus_palustris
images/26832.jpg,crataegus_viridis
images/26833.jpg,carpinus_caroliniana
images/26834.jpg,magnolia_virginiana
images/26835.jpg,pinus_flexilis
images/26836.jpg,quercus_cerris
images/26837.jpg,cryptomeria_japonica
images/26838.jpg,albizia_julibrissin
images/26839.jpg,stewartia_pseudocamellia
images/26840.jpg,albizia_julibrissin
images/26841.jpg,carpinus_caroliniana
images/26842.jpg,crataegus_viridis
images/26843.jpg,ulmus_rubra
images/26844.jpg,albizia_julibrissin
images/26845.jpg,catalpa_bignonioides
images/26846.jpg,carya_cordiformis
images/26847.jpg,populus_deltoides
images/26848.jpg,albizia_julibrissin
images/26849.jpg,quercus_cerris
images/26850.jpg,magnolia_grandiflora
images/26851.jpg,cryptomeria_japonica
images/26852.jpg,magnolia_virginiana
images/26853.jpg,carpinus_caroliniana
images/26854.jpg,albizia_julibrissin
images/26855.jpg,carpinus_caroliniana
images/26856.jpg,broussonettia_papyrifera
images/26857.jpg,acer_palmatum
images/26858.jpg,pinus_taeda
images/26859.jpg,cryptomeria_japonica
images/26860.jpg,oxydendrum_arboreum
images/26861.jpg,magnolia_virginiana
images/26862.jpg,albizia_julibrissin
images/26863.jpg,quercus_velutina
images/26864.jpg,crataegus_viridis
images/26865.jpg,fraxinus_nigra
images/26866.jpg,prunus_sargentii
images/26867.jpg,magnolia_virginiana
images/26868.jpg,picea_pungens
images/26869.jpg,crataegus_viridis
images/26870.jpg,acer_negundo
images/26871.jpg,quercus_acutissima
images/26872.jpg,broussonettia_papyrifera
images/26873.jpg,prunus_sargentii
images/26874.jpg,quercus_palustris
images/26875.jpg,carpinus_caroliniana
images/26876.jpg,ulmus_rubra
images/26877.jpg,magnolia_virginiana
images/26878.jpg,magnolia_virginiana
images/26879.jpg,magnolia_virginiana
images/26880.jpg,ilex_opaca
images/26881.jpg,quercus_cerris
images/26882.jpg,quercus_acutissima
images/26883.jpg,albizia_julibrissin
images/26884.jpg,pinus_flexilis
images/26885.jpg,magnolia_virginiana
images/26886.jpg,magnolia_virginiana
images/26887.jpg,populus_deltoides
images/26888.jpg,quercus_alba
images/26889.jpg,magnolia_virginiana
images/26890.jpg,magnolia_virginiana
images/26891.jpg,ulmus_rubra
images/26892.jpg,pinus_flexilis
images/26893.jpg,pinus_flexilis
images/26894.jpg,carpinus_caroliniana
images/26895.jpg,magnolia_virginiana
images/26896.jpg,quercus_cerris
images/26897.jpg,fraxinus_nigra
images/26898.jpg,juglans_nigra
images/26899.jpg,ilex_opaca
images/26900.jpg,oxydendrum_arboreum
images/26901.jpg,magnolia_virginiana
images/26902.jpg,ulmus_rubra
images/26903.jpg,carpinus_caroliniana
images/26904.jpg,albizia_julibrissin
images/26905.jpg,carpinus_caroliniana
images/26906.jpg,crataegus_viridis
images/26907.jpg,fraxinus_nigra
images/26908.jpg,populus_deltoides
images/26909.jpg,acer_palmatum
images/26910.jpg,magnolia_virginiana
images/26911.jpg,fraxinus_nigra
images/26912.jpg,quercus_acutissima
images/26913.jpg,oxydendrum_arboreum
images/26914.jpg,stewartia_pseudocamellia
images/26915.jpg,maclura_pomifera
images/26916.jpg,diospyros_virginiana
images/26917.jpg,fraxinus_nigra
images/26918.jpg,quercus_palustris
images/26919.jpg,quercus_palustris
images/26920.jpg,picea_orientalis
images/26921.jpg,quercus_cerris
images/26922.jpg,quercus_palustris
images/26923.jpg,carpinus_caroliniana
images/26924.jpg,ulmus_rubra
images/26925.jpg,juglans_nigra
images/26926.jpg,magnolia_tripetala
images/26927.jpg,salix_babylonica
images/26928.jpg,quercus_palustris
images/26929.jpg,juglans_nigra
images/26930.jpg,crataegus_laevigata
images/26931.jpg,magnolia_virginiana
images/26932.jpg,acer_palmatum
images/26933.jpg,maclura_pomifera
images/26934.jpg,acer_palmatum
images/26935.jpg,quercus_palustris
images/26936.jpg,broussonettia_papyrifera
images/26937.jpg,albizia_julibrissin
images/26938.jpg,quercus_muehlenbergii
images/26939.jpg,quercus_cerris
images/26940.jpg,carpinus_caroliniana
images/26941.jpg,juglans_nigra
images/26942.jpg,fraxinus_nigra
images/26943.jpg,magnolia_virginiana
images/26944.jpg,quercus_cerris
images/26945.jpg,picea_pungens
images/26946.jpg,robinia_pseudo-acacia
images/26947.jpg,prunus_sargentii
images/26948.jpg,quercus_alba
images/26949.jpg,quercus_cerris
images/26950.jpg,populus_deltoides
images/26951.jpg,prunus_sargentii
images/26952.jpg,populus_deltoides
images/26953.jpg,quercus_alba
images/26954.jpg,prunus_sargentii
images/26955.jpg,albizia_julibrissin
images/26956.jpg,juglans_nigra
images/26957.jpg,maclura_pomifera
images/26958.jpg,maclura_pomifera
images/26959.jpg,carpinus_caroliniana
images/26960.jpg,quercus_cerris
images/26961.jpg,populus_deltoides
images/26962.jpg,quercus_muehlenbergii
images/26963.jpg,maclura_pomifera
images/26964.jpg,magnolia_virginiana
images/26965.jpg,robinia_pseudo-acacia
images/26966.jpg,oxydendrum_arboreum
images/26967.jpg,diospyros_virginiana
images/26968.jpg,carpinus_caroliniana
images/26969.jpg,quercus_palustris
images/26970.jpg,oxydendrum_arboreum
images/26971.jpg,ulmus_rubra
images/26972.jpg,fraxinus_nigra
images/26973.jpg,quercus_palustris
images/26974.jpg,quercus_cerris
images/26975.jpg,pinus_flexilis
images/26976.jpg,ulmus_rubra
images/26977.jpg,prunus_sargentii
images/26978.jpg,magnolia_virginiana
images/26979.jpg,albizia_julibrissin
images/26980.jpg,quercus_muehlenbergii
images/26981.jpg,stewartia_pseudocamellia
images/26982.jpg,magnolia_virginiana
images/26983.jpg,fraxinus_nigra
images/26984.jpg,acer_palmatum
images/26985.jpg,carpinus_caroliniana
images/26986.jpg,pinus_flexilis
images/26987.jpg,carpinus_caroliniana
images/26988.jpg,broussonettia_papyrifera
images/26989.jpg,magnolia_virginiana
images/26990.jpg,magnolia_grandiflora
images/26991.jpg,magnolia_acuminata
images/26992.jpg,fraxinus_nigra
images/26993.jpg,fraxinus_nigra
images/26994.jpg,quercus_cerris
images/26995.jpg,pinus_taeda
images/26996.jpg,robinia_pseudo-acacia
images/26997.jpg,magnolia_grandiflora
images/26998.jpg,fraxinus_nigra
images/26999.jpg,broussonettia_papyrifera
images/27000.jpg,fraxinus_nigra
images/27001.jpg,acer_palmatum
images/27002.jpg,maclura_pomifera
images/27003.jpg,maclura_pomifera
images/27004.jpg,carpinus_caroliniana
images/27005.jpg,acer_palmatum
images/27006.jpg,carpinus_caroliniana
images/27007.jpg,cryptomeria_japonica
images/27008.jpg,acer_palmatum
images/27009.jpg,albizia_julibrissin
images/27010.jpg,ulmus_rubra
images/27011.jpg,ulmus_rubra
images/27012.jpg,magnolia_virginiana
images/27013.jpg,magnolia_tripetala
images/27014.jpg,populus_deltoides
images/27015.jpg,acer_palmatum
images/27016.jpg,catalpa_bignonioides
images/27017.jpg,prunus_virginiana
images/27018.jpg,magnolia_virginiana
images/27019.jpg,quercus_palustris
images/27020.jpg,maclura_pomifera
images/27021.jpg,acer_palmatum
images/27022.jpg,quercus_palustris
images/27023.jpg,populus_deltoides
images/27024.jpg,maclura_pomifera
images/27025.jpg,quercus_cerris
images/27026.jpg,quercus_alba
images/27027.jpg,robinia_pseudo-acacia
images/27028.jpg,magnolia_grandiflora
images/27029.jpg,maclura_pomifera
images/27030.jpg,ulmus_rubra
images/27031.jpg,maclura_pomifera
images/27032.jpg,carpinus_caroliniana
images/27033.jpg,maclura_pomifera
images/27034.jpg,carpinus_caroliniana
images/27035.jpg,quercus_alba
images/27036.jpg,carpinus_caroliniana
images/27037.jpg,pinus_taeda
images/27038.jpg,quercus_cerris
images/27039.jpg,acer_palmatum
images/27040.jpg,carpinus_caroliniana
images/27041.jpg,carpinus_caroliniana
images/27042.jpg,quercus_cerris
images/27043.jpg,magnolia_virginiana
images/27044.jpg,quercus_cerris
images/27045.jpg,prunus_sargentii
images/27046.jpg,pinus_flexilis
images/27047.jpg,magnolia_virginiana
images/27048.jpg,ulmus_rubra
images/27049.jpg,oxydendrum_arboreum
images/27050.jpg,maclura_pomifera
images/27051.jpg,carpinus_caroliniana
images/27052.jpg,ilex_opaca
images/27053.jpg,quercus_palustris
images/27054.jpg,oxydendrum_arboreum
images/27055.jpg,cryptomeria_japonica
images/27056.jpg,magnolia_virginiana
images/27057.jpg,quercus_cerris
images/27058.jpg,maclura_pomifera
images/27059.jpg,quercus_palustris
images/27060.jpg,crataegus_viridis
images/27061.jpg,prunus_sargentii
images/27062.jpg,picea_pungens
images/27063.jpg,albizia_julibrissin
images/27064.jpg,quercus_cerris
images/27065.jpg,acer_palmatum
images/27066.jpg,diospyros_virginiana
images/27067.jpg,quercus_muehlenbergii
images/27068.jpg,carpinus_caroliniana
images/27069.jpg,salix_babylonica
images/27070.jpg,quercus_alba
images/27071.jpg,magnolia_virginiana
images/27072.jpg,albizia_julibrissin
images/27073.jpg,maclura_pomifera
images/27074.jpg,salix_babylonica
images/27075.jpg,ailanthus_altissima
images/27076.jpg,pinus_taeda
images/27077.jpg,acer_palmatum
images/27078.jpg,broussonettia_papyrifera
images/27079.jpg,pinus_flexilis
images/27080.jpg,quercus_alba
images/27081.jpg,ilex_opaca
images/27082.jpg,picea_pungens
images/27083.jpg,maclura_pomifera
images/27084.jpg,magnolia_virginiana
images/27085.jpg,acer_ginnala
images/27086.jpg,acer_ginnala
images/27087.jpg,pinus_virginiana
images/27088.jpg,carpinus_caroliniana
images/27089.jpg,quercus_alba
images/27090.jpg,carpinus_caroliniana
images/27091.jpg,crataegus_viridis
images/27092.jpg,crataegus_viridis
images/27093.jpg,crataegus_viridis
images/27094.jpg,salix_babylonica
images/27095.jpg,quercus_palustris
images/27096.jpg,robinia_pseudo-acacia
images/27097.jpg,magnolia_virginiana
images/27098.jpg,acer_palmatum
images/27099.jpg,acer_palmatum
images/27100.jpg,ilex_opaca
images/27101.jpg,catalpa_bignonioides
images/27102.jpg,quercus_alba
images/27103.jpg,pinus_flexilis
images/27104.jpg,pinus_flexilis
images/27105.jpg,robinia_pseudo-acacia
images/27106.jpg,koelreuteria_paniculata
images/27107.jpg,carpinus_caroliniana
images/27108.jpg,picea_pungens
images/27109.jpg,quercus_palustris
images/27110.jpg,salix_babylonica
images/27111.jpg,albizia_julibrissin
images/27112.jpg,maclura_pomifera
images/27113.jpg,carpinus_caroliniana
images/27114.jpg,albizia_julibrissin
images/27115.jpg,quercus_cerris
images/27116.jpg,robinia_pseudo-acacia
images/27117.jpg,populus_deltoides
images/27118.jpg,magnolia_virginiana
images/27119.jpg,salix_babylonica
images/27120.jpg,juglans_nigra
images/27121.jpg,salix_babylonica
images/27122.jpg,albizia_julibrissin
images/27123.jpg,fraxinus_nigra
images/27124.jpg,carya_ovata
images/27125.jpg,oxydendrum_arboreum
images/27126.jpg,crataegus_viridis
images/27127.jpg,crataegus_viridis
images/27128.jpg,magnolia_virginiana
images/27129.jpg,magnolia_virginiana
images/27130.jpg,acer_ginnala
images/27131.jpg,pinus_virginiana
images/27132.jpg,quercus_alba
images/27133.jpg,diospyros_virginiana
images/27134.jpg,ulmus_rubra
images/27135.jpg,magnolia_virginiana
images/27136.jpg,albizia_julibrissin
images/27137.jpg,salix_nigra
images/27138.jpg,cryptomeria_japonica
images/27139.jpg,robinia_pseudo-acacia
images/27140.jpg,ailanthus_altissima
images/27141.jpg,quercus_cerris
images/27142.jpg,prunus_sargentii
images/27143.jpg,pinus_flexilis
images/27144.jpg,crataegus_viridis
images/27145.jpg,pinus_flexilis
images/27146.jpg,ilex_opaca
images/27147.jpg,magnolia_virginiana
images/27148.jpg,pinus_nigra
images/27149.jpg,ilex_opaca
images/27150.jpg,pinus_nigra
images/27151.jpg,magnolia_virginiana
images/27152.jpg,cryptomeria_japonica
